answer_text,date_created,date_updated,search_table_id,category_main,category_sec,category_thir,category_four,category_five,link_main,link_sec,link_thir,name_link_main,name_link_sec,name_link_thir
"No se require visa, sin embargo, se requiere un permiso que se obtiene online si viajas despues del 1 de Octuber 2019. Se recomienda aplicar al menos 3 días antes del viaje. Puedes encontrar mas información en el siguiente enlace <LINK1>",6-Aug-19,6-Aug-19,1,Viaje,Visa,Nueva Zelanda,Auckland,,https://www.immigration.govt.nz/new-zealand-visas/apply-for-a-visa/about-visa/nzeta,,,Immigracion de NZ,,
"El tiempo determinado por la embajada ade Nueva Zelanda para obtener una visa es de 40 dias, mas sin embargo estos dias pueden variar y puede que te la otorguen en 15 o 20 dias. Esta tiene un costo approximado de $NZD 200. Para mas informacion ve a la pagina web de la embajada de NZ <Link>",6-Aug-19,6-Aug-19,2,Viaje,Visa,Nueva Zelanda,,,https://www.immigration.govt.nz/new-zealand-visas/apply-for-a-visa,,,Immigracion de NZ,,
"Existen muchas agencias de immigracion que te pueden ayudar a tramitar tu visa de estudiante. Estas agencias se encuentran ubicadas en Colombia o en Australia y las puedes contactar por su pagina web. A continuacion, puedes leer nuestro blog acerca de como escoger una agencia estudiantil. Tambien te recomendamos usar nuestra herramienta de comparasion para que compares cursos en Australia.",6-Aug-19,6-Aug-19,3,Negocios,Agencias,Estudiar,Visa,,Blog,,,,,
"Para trabajar de mensajero conduciendo una moto / scooter, es recomendable obtener un seguro contra accidente a terceros y tambien seguro que proteja tus ingresos en caso de accidente. Estos seguros los puedes obtener con cualquiera de los siguientes proveedores. <Link>",6-Aug-19,6-Aug-19,4,Vida,Seguro,Trabajo,Negocios,,https://deliveroo.bikmo.com/,https://www.youi.com.au/,,Deliveroo,Seguros Youi,
"La documentacion requerida para la aplicacion de la visa depende de tu estado laboral y personal. Si actualmente te encuentras trabajando, deberas adjuntar tu carta laboral especificando el tiempo en el que llevas laborando y tu salario. Si eres estudiante, deberas adjuntar los documentos que justifiquen esta actividad.",6-Aug-19,6-Aug-19,5,Visa,Documentos,Trabajo,,,,,,,,
"De acuerdo a un gran numero de recomendaciones y un analisis que hicimos, los siguientes sitios web son las agencias donde puedes encontrar ticketes aereos mas economicos.",6-Aug-19,6-Aug-19,6,Viaje,Buscador,Negocios,Ticketes,,https://www.cheapoair.com/,https://www.agoda.com,,Cheapoair viajes,Agoda Viajes,
"Puedes aplicar a una visa para Australia desde cualquier otro pais que no sea Colombia, simplemente debes dirigirte al link que te mostramos a continuacion y buscar el pais en el que te encuentras y realizar la aplicacion.",6-Aug-19,6-Aug-19,7,Visa,Documentos,Estados Unidos,,,https://immi.homeaffairs.gov.au/help-support/contact-us/offices-and-locations/offices-outside-australia?fbclid=IwAR0LxpIp2zzl7MDNsr9n3hRx7PohEiXFE8VFACNACm_hkRR5fjARBzAJTtM,,,Govierno de Australia,,
"Para aplicar a la Visa americana cuando resides en Australia, simplemente debes ingresar a la pagina web que te mostramos acontinuacion. Hay encontraras donde queda cada consulado en cada ciudad de Australia.",6-Aug-19,6-Aug-19,8,Visa,Documentos,Estados Unidos,Australia,,https://au.usembassy.gov/visas/nonimmigrant-visas/,,,Embajada de Estados Unidos,,
"Si te encuentras ubicado de Australia y deseas aplicar a una visa de Marruecos, deberas dirigirte a la embajada de Marruecos en Canberra. Para mayor informacion sobre esta visa, dirigete a la siguiente pagina web.",6-Aug-19,6-Aug-19,9,Viaje,Visa,Marruecos,,,http://www.moroccoembassy.org.au/,,,Embajada de Marruecos,,
"La traducción de tu licencia de conducir debe ser realizada por un traductor NAATI. Para ver la lista de todos los traductores disponibles, puedes ingresar al siguente link. Una de las empresas disponibles es Entrelingo la cual puedes contactar a traves del siguiente enlance.",6-Aug-19,6-Aug-19,10,Negocios,Documentos,Licencia,Traduccion,,https://www.naati.com.au/mynaati/PDSearch/StartNewSearch,https://www.entrelingo.com/,,Naati,Entrelingo,
"El gobierno Australiano no te va a hacer nada ni te va a cancelar la visa por ser la primera vez que te descubren, mas sin embargo podria traer complicaciones si te descubren de nuevo.",6-Aug-19,6-Aug-19,11,Vida,Visa,Trabajo,,,,,,,,
"La regulación en Australia exige que traigas medicinas únicamente para ti, es decir, uso personal. Requieres traer la prescripción médica. Lo mejor que puedes hacer es declararlo cuando hagas el proceso de immigración en Australia. Para mas información ingresa al siguiente <LINK1>",6-Aug-19,6-Aug-19,12,Vida,Ley,,,,https://www.tga.gov.au/entering-australia,,,Departamento de Salud de Australia,,
"Para consultar los precios y tarifas de las visas en Australia, puedes dirigirte al siguiente sitio web.",6-Aug-19,6-Aug-19,13,Visa,Tarifas,,,,https://immi.homeaffairs.gov.au/visas/getting-a-visa/fees-and-charges,,,Govierno de Australia,,
"Puedes cambiar de visas cuando estes en Australia siempre y cuando no tengas restricciones en la visa que tienes actualmente. Para ver si tienes alguna condicion o restriccion en tu visa, simplemnete ve a la pagina web acontinuacion.",6-Aug-19,6-Aug-19,14,Visa,Regulacion,Turista,Estudiar,,https://immi.homeaffairs.gov.au/visas/getting-a-visa/moving-between-visas,,,Govierno de Australia,,
"Si podrias conseguir trabajo en tu especialidad, mas sin embargo debes realizar la homologacion de tu carrera. Te pediran las notas de 12 materias en adelante y dependiendo de las notas que entregues, te pediran el examen del IELTS con una nota de 8 en todas las bandas. Por ultimo, te pediran un año de judicatura en un buffet y normalmente te califican tu desempeño. Pero esto lo deberas hacer en un tiempo de 3 años y deberas permanecer sin salirte, ya que si te sales de ese término, ya no te serviria para homologar tu carrera.",6-Aug-19,6-Aug-19,15,Vida,Trabajo,General,,,,,,,,
"Existen muchas instituciones educativas en donde puedes estudiar Ingles. Estas instituciones cuentan con su pagina web y las puedes encontrar en toda Australia. A continuacion, puedes leer nuestro blog acerca de como escoger una institucion educativa. Tambien te recomendamos usar nuestra herramienta de comparasion para que compares cursos en Australia.",6-Aug-19,6-Aug-19,16,Cursos,Buscador,Visa,Estudiar,,Comparison page,Blog,,,,
Muchos sitios venden Harina P.A.N para hacer arepas. Casa Iberica en Fitzroy lo vende. Tambien puedes realizar pedidos online a través de la empresa Cheeky Foods.,6-Aug-19,6-Aug-19,17,Negocios,Arepas,Maiz,,,http://casaibericadeli.com.au/,https://www.cheekyfoods.com.au/,,Casa Iberica,Cheeky Foods,
"Para denunciar a un empleador por motivos de trato injusto, puedes contactar a un Ombudsman or Fair Work Australia.",6-Aug-19,6-Aug-19,18,Negocios,Denuncias,Trabajo,,,https://www.fairwork.gov.au/,https://www.ombudsman.gov.au/,,Fair Work Australia,Ombudsman,
"Si tienes pensado ir a Mt Buller, se te recomienda que vayas en tu carro propio o alquiles uno, ya que cuentas con tu propio tiempo y no estas sometido a terceras personas. Tambien se te es recomendado que tengas mas de un dia disponible para que puedas disfrutar el viaje.",6-Aug-19,6-Aug-19,19,Viaje,Tips,,,,,,,,,
"Existen varias iglesias con misa en español. La iglesia de Santa Brigida en 378 Nicholson Street Fizroy North tiene misa a las 7:00 pm. Adicionalmente, la iglesia de St. Mary en Ascot Vale ubicada 123 St Leonards Road Ascot Vale tiene misa en español los domingos a las 6:00 pm. Para más información ingresa a <Link1> o <Link2>",6-Aug-19,6-Aug-19,20,Negocios,Iglesia,Catolica,,,http://masstimes.melbournecatholic.org.au/Fitzroy-North,http://masstimes.melbournecatholic.org.au/Ascot-Vale-and-Maribyrnong,,Iglesica Catolica Fitzroy,Iglesia Catolica Ascot Vale,
"Para apostillar un documento, deberas llamar a la embajada y sacar una cita con ellos. Es tambien recomendable que imprimas un formulario que te van a pedir para este tramite. Para mayor informacion puedes dirigirte a la pagina web a continuacion.",6-Aug-19,6-Aug-19,21,Vida,Documentos,Apostillada,Tramites,,https://australia.embajada.gov.co/,,,Embajada de Colombia,,
"De acuerdo a un numero de recomendaciones, puedes contactar ""La union de Inquilino"" la cual se encuentra ubicada en Fitzroy, Melbourne sin ningun costo alguno. ",6-Aug-19,6-Aug-19,22,Negocios,Abogado,Real Estate,,,admin@tuv.org.au,,,,,
"Como ciudadano Colombiano, si requieres visa para viajar a Japon. Esta visa la tienes que tramitar en la embajada de Japon. A continuacion te mostramos la pagina web de la embajada Japonesa.",6-Aug-19,6-Aug-19,23,Viaje,Visa,Japon,,,https://www.au.emb-japan.go.jp/itprtop_en/index.html,,,Embajada de Japon,,
"De acuerdo a un gran numero de recomendaciones, ""RC Australian Migration"" es una de las mejores empresas para tramite de visa ya que llevan bastante tiempo en el mercado. Para mayor informacion, dirigete a la pagina web a continuacion.",6-Aug-19,6-Aug-19,24,Negocios,Migracion,Español,,,https://www.rcaustralia.com.au/,,,RC Australia,,
"De acuerdo a un gran numero de recomendaciones, ""YS Accounting - Taxation services"" es una de las mejores empresas para tramite de el tax return y super annuation. Para mayor informacion, dirigete a la pagina web a continuacion.",6-Aug-19,6-Aug-19,25,Negocios,Contador,Tax,Super,,https://ysaccounting.com.au/,,,YSA Accounting,,
Existen muchas companias de seguro las cuales te pueden ofrecer el seguro medico que se requiere para la visa. Entre los mas recomendados y segun nuestro analisis estan las siguientes empresas.,6-Aug-19,6-Aug-19,26,Negocios,Seguro,Visa,Estudiar,,https://www.bupa.com.au/,https://www.allianz.com.au/,https://www.medibank.com.au/,BUPA,Allianz,Medibank
"Existen varias alternativas para buscar y poder convivir con una familia Australiana, mas sin embargo la mas recomendada es la de buscar un Home Stay, la cual es una familia Australiana que busca estudiantes para que compartan con sus hijos. Para buscar familias que brinden HomeStay puedes dirigirte a la siguiente pagina web.",6-Aug-19,6-Aug-19,27,Negocios,Vivienda,Familia,Australia,,https://homestaynetwork.com.au/,,,Homestay,,
"De acuerdo a diferentes opiniones y recomendaciones, las empresas mas utilizadas para buscar por cruceros son Crazy Cruises y Cruise Guru. Puedes mirar estas dos empresas a continuacion.",6-Aug-19,6-Aug-19,28,Viaje,Cruceros,,,,https://www.crazycruises.com.au/,https://www.cruiseguru.com.au/,,Crazy Cruises,Cruise Guru,
"Para denunciar a un empleador por motivos de trato injusto, puedes contactar a un Ombudsman or Fair Work Australia. Para mayor informacion dirigete a las siguientes paginas web.",6-Aug-19,6-Aug-19,18,Negocios,Denuncias,Trabajo,,,https://www.fairwork.gov.au/,https://www.ombudsman.gov.au/,,Fair Work Australia,Ombudsman,
"Si quieres transferir o recibir dinero desde el exterior, te recomendamos que TransferWise or World Remit, ya que basado en recomendaciones, estan son las que cobran menos comision y son muy efectivas.",6-Aug-19,6-Aug-19,30,Negocios,General,Transferencia,,,https://transferwise.com,https://www.worldremit.com/,,TransferWise,World Remit,
"Si quieres ser atendido por un medico que hable el español, te recomendamos que contactes a la Dra Regina Skvirsky la cual trabaja para Kings medical. Si quieres mas informacion, dirigete a la siguiente pagina web.",6-Aug-19,6-Aug-19,31,Negocios,Medicos,Español,,,http://kingsmed.com.au/services/dr-regina-skvirsky-mbbs-dip-paeds-unsw/,,,Kingsmed,,
"Basado en recomendaciones, se te recomienda mejor comprar una bicicleta de segunda mano ya que esta sera mas economica a largo plazo. Si quieres buscar y comprar bicicletas de segunda mano, puedes dirigirte a las paginas web a continuacion.",6-Aug-19,6-Aug-19,32,Negocios,Bicicletas,Trabajo,,,https://www.gumtree.com.au/,https://www.bikeexchange.com.au,,Gumtree,Bike Exchange,
"De acuerdo a diferentes opiniones y casos, la duracion de la aprobacion de la visa puede ser de 1 a 7 semanas. Todo depende de la temporada y de el numero de aplicaciones que se esten tramitando en ese momento.",6-Aug-19,6-Aug-19,33,Visa,Duracion,Estudiar,,,,,,,,
"Cualquier persona o negocio te podria prestar este dinero para demostrar que tienes la solvencia economica y poder adquirir la visa, mas sin embargo este proceso es ilegal y ninguna agencia estaria dispuesta a hacerlo. Si en algun momento alguna agencia te ofrece este servicio, debes tener mucho cuidado ya que esto es ilegal.",6-Aug-19,6-Aug-19,34,Visa,Tramites,Estudiar,,,,,,,,
"Los requisitos para la visa de pareja o de facto, varian dependiendo de que visa necesites (Visa de pareja temporal, o visa de pareja permanente). Para mas informacion puedes dirigirte a la siguiente pagina web.",6-Aug-19,6-Aug-19,35,Visa,Requisitos,Estudiar,Pareja,,https://immi.homeaffairs.gov.au/visas/getting-a-visa/visa-listing/partner-onshore,,,Govierno de Australia,,
La visa de transito es completamente gratis y se te demora de 8 dias a 19 dias dependiendo de la cantidad de aplicaciones que se esten manejando en ese momento. Para mas informacion dirigete a la siguiente pagina web.,6-Aug-19,6-Aug-19,36,Visa,Duracion,Transito,,,https://immi.homeaffairs.gov.au/visas/getting-a-visa/visa-listing/transit-771,,,Govierno de Australia,,
"Para viajar a Vietnam como Colombiano, necesitas una visa. Es muy sencillo conseguir la visa, lo único que debes hacer es ingresar al página <LINK1> y aplicar a la visa on arrival. El link es seguro, y es recomendado por Lonely Planet <LINK2>. Al llegar a Vietnam con la carta de approval muestras tu pasaporte y pagas el stamp.",6-Aug-19,6-Aug-19,37,Viaje,Visa,Vietnam,Filipinas,Myanmar,https://vietnamvisacenter.org/,https://www.lonelyplanet.com/vietnam/visas,,Embajada de Vietnam,Lonely Planet,
"Si tu visa es de múltiples entradas puedes entrar de nuevo usando la misma visa mientras esté vigente, de lo contrario debes solicitar una nueva.",6-Aug-19,6-Aug-19,38,Visa,Regulacion,Australia,,,,,,,,
"Es recomendable que apliques para la visa de estudiante desde un principio. Tambien puedes aplicar a la visa de turista y despues puedes cambiar de visas cuando estes en Australia siempre y cuando no tengas restricciones en la visa que tienes actualmente. Para ver si tienes alguna condicion o restriccion en tu visa, simplemnete ve a la pagina web a continuacion.",6-Aug-19,6-Aug-19,39,Visa,Regulacion,Turista,Estudiar,,https://immi.homeaffairs.gov.au/visas/getting-a-visa/moving-between-visas,,,Govierno de Australia,,
"No necesitas visa en Japon si solo vas a estar de escala y salir del pais de inmediato, mas sin embargo se te recomienda que revises bien si no necesitas salir de el Aeropuerto hacia diferente aeropuerto.",6-Aug-19,6-Aug-19,40,Viaje,Visa,Japon,,,,,,,,
"Si tu viaje es menor a 90 días, como colombiano no necesitas visa. Para ver mas paises donde no necesitas visa, ingresa al siguiente enlace <LINK1>",6-Aug-19,6-Aug-19,41,Viaje,Visa,Corea del Sur,,,https://viajandoconpasaportecolombiano.com/paises-donde-los-colombianos-necesitamos-visa/,,,Colomviajeros,,
"La regulación en Australia exige que traigas medicinas únicamente para ti, es decir, uso personal. Requieres traer la prescripción médica. Lo mejor que puedes hacer es declararlo cuando hagas el proceso de immigración en Australia, recuerda que lo máximo permitido es 3 meses de medicinas. Para mas información ingresa al siguiente.",6-Aug-19,6-Aug-19,12,Vida,Ley,,,,https://www.tga.gov.au/entering-australia,,,Departamento de Salud de Australia,,
"La regulación en Australia exige que traigas medicinas únicamente para ti, es decir, uso personal. Requieres traer la prescripción médica. Lo mejor que puedes hacer es declararlo cuando hagas el proceso de immigración en Australia, recuerda que lo máximo permitido es 3 meses de medicinas. Para mas información ingresa al siguiente <LINK1>",6-Aug-19,6-Aug-19,12,Vida,Ley,,,,https://www.tga.gov.au/entering-australia,,,Departamento de Salud de Australia,,
"Existe educacion de pre escolar gratuita para immigrantes, pero esto depende de el estado o territorio donde te encuentres, ya que no todos los estados de Australia ofrecen este beneficio.",6-Aug-19,6-Aug-19,44,Vida,Educacion,Hijos,Familia,,https://www.studyinaustralia.gov.au/english/australian-education/bringing-your-children,,,Estudia en Australia,,
"Con base a diferentes comentarios y un analisis hecho, el promedio de pago por hora que un estudiante internacional puede obtener es de $AUD 18 a $AUD 25. Solo tienes permitido trabajar 20 horas a la semana como estudiante. Si quieres saber mas de tips para encontrar trabajo en Australia, lee nuestro blog a continuacion.",6-Aug-19,6-Aug-19,45,Trabajo,Pago,Ingreso,,,Blog,,,,,
En Passporr te damos todas las herramientas para tu viaje. En el siguiente <LINK1> puedes encontrar nuestra calculadora que te brindará una guia sobre tu presupuesto.,6-Aug-19,6-Aug-19,46,Vida,Calculadora,Trabajo,Pago,,Calculator,Blog,,,,
"Existen varias iglesias cristianas con servicio en español. Una de ellas es Planetshakers que queda en 400 City Road, Southbank. Para más información ingresa a <Link 1>",6-Aug-19,6-Aug-19,47,Negocios,Iglesia,Cristiana,,,https://www.planetshakers.com/australia/melbourne-city/,,,Planetshakers,,
"Como ciudadano Colombiano, si requieres visa para viajar a Japon. Esta visa la tienes que tramitar en la embajada de Japon del pais donde resides. A continuacion te mostramos la pagina web de la embajada Japonesa.",6-Aug-19,6-Aug-19,23,Viaje,Visa,Japon,,,https://www.au.emb-japan.go.jp/itprtop_en/index.html,,,Embajada de Japon,,
"Como ciudadano Colombiano, si requires una visa para visitar o para transitar por cualquier ciudad de China. Mas sin embargo, debido a una nueva actualizacion, podrias solicitar un permiso ""Free Transit Visa"" en aeropuertos de ciudades principales de China, y podrias salir del aeropuerto hasta por 24 horas. Para mayor informacion dirigete a la siguiente pagina web.",6-Aug-19,6-Aug-19,49,Viaje,Visa,China,Transito,,https://visados.com/es/visados-para-China,https://viajandoconpasaportecolombiano.com/paises-donde-los-colombianos-necesitamos-visa/?sfns=mo&fbclid=IwAR3RcpXIJBntPeKvDkwqgXnN4WPG5WptTfkaYeAqQid0BQn2AUGr7lw9fC0,,Visados,Free Transit Visa,
"Una vez te nieguen la visa, el tiempo que debes esperar para poder aplicar de nuevo es de 6 meses.",6-Aug-19,6-Aug-19,50,Visa,Tramites,Estudiar,,,,,,,,
"Como ciudadano Colombiano, si requieres visa para viajar a Malasia. Esta visa la tienes que tramitar en la embajada de Malasia del pais donde resides. A continuacion te mostramos la pagina web de la embajada de Malasia.",6-Aug-19,6-Aug-19,23,Viaje,Visa,Japon,,,https://www.au.emb-japan.go.jp/itprtop_en/index.html,,,Embajada de Japon,,
"Cuando vienes de Latino y Norte de America, la mayoria de aerlineas te permiten viajar on dos maletas de 23KG cada una, entre ellas United, Quantas y LATAM, las cuales tienen un convenio entre si. De acuerdo a un gran numero de recomendaciones y un analisis que hicimos, los siguientes sitios web son las agencias donde puedes encontrar ticketes aereos mas economicos.",6-Aug-19,6-Aug-19,52,Viaje,Buscadores,Maletas,Negocios,,https://www.cheapoair.com/,https://www.agoda.com,Blog,Cheapoair viajes,Agoda Viajes,
"Si es posible que te aprueben la visa despues de haber sido negada en una ocacion. Esto depende que la asesoria que te han brindado al comienzo. Existen muchas agencias de immigracion que te pueden ayudar a tramitar tu visa de estudiante. Estas agencias se encuentran ubicadas en Colombia o en Australia y las puedes contactar por su pagina web. A continuacion, puedes leer nuestro blog acerca de como escoger una agencia estudiantil. Tambien te recomendamos usar nuestra herramienta de comparasion para que compares cursos en Australia.",6-Aug-19,6-Aug-19,53,Visa,Tramites,Estudiar,,,Blog,,,,,
"Para viajar a Vietnam como Colombiano, necesitas una visa. Es muy sencillo conseguir la visa, lo único que debes hacer es ingresar al página y aplicar a la visa on arrival. El link es seguro, y es recomendado por Lonely Planet. Al llegar a Vietnam con la carta de approval muestras tu pasaporte y pagas el stamp.",6-Aug-19,6-Aug-19,37,Viaje,Visa,Vietnam,Filipinas,Myanmar,https://vietnamvisacenter.org/,https://www.lonelyplanet.com/vietnam/visas,,Embajada de Vietnam,Lonely Planet,
"De acuerdo a recomendaciones de otras personas, se aconseja presentar el PTE, ya que es mucho mejor y mas estructurado. Igualmente, Existen muchas instituciones educativas en donde puedes estudiar Ingles. Estas instituciones cuentan con su pagina web y las puedes encontrar en toda Australia. A continuacion, puedes leer nuestro blog acerca de como escoger una institucion educativa. Tambien te recomendamos usar nuestra herramienta de comparasion para que compares cursos en Australia.",6-Aug-19,6-Aug-19,55,Cursos,Buscador,Visa,Estudiar,IELTS,Comparison page,Blog,,,,
"De acuerdo a diferentes recomendaciones, se aconseja tomar el examen de IELTS academico. Igualmente, Existen muchas instituciones educativas en donde puedes estudiar Ingles. Estas instituciones cuentan con su pagina web y las puedes encontrar en toda Australia. A continuacion, puedes leer nuestro blog acerca de como escoger una institucion educativa. Tambien te recomendamos usar nuestra herramienta de comparasion para que compares cursos en Australia.",6-Aug-19,6-Aug-19,56,Cursos,Buscador,Negocios,IELTS,Estudiar,Comparison page,Blog,,,,
"Lo mas recomendable es el de aplicar a becas estudiantiles, ya que segun un analisis y recomendaciones de otras personas, el estudiar un posgrado o una maestria y trabajar a la misma vez, es bastante complicado debido a os horarios de clase de las universidades.",6-Aug-19,6-Aug-19,57,Cursos,Becas,Estudiar,,,,,,,,
"Para prestar  utilizar libros para tu aprendizaje en el ILETS, puedes registrarte en cualquier biblioteca y hacer buen uso de estos materiales. Simplemente busca tu biblioteca local y solicita tu registro.",6-Aug-19,6-Aug-19,58,Negocios,IELTS,Libros,,,,,,,,
"Si puedes cambiar de institucion. Sólo debes pedirle a tu agente que solicite la release letter de tu colegio actual, especificando la razón por la cual la solicitas el cambio. Esta puede ser por quejas respecto a la calidad de la educación impartida, que tienes una oferta mejor de otra escuela, si te vas a cambiar de ciudad, entre otros motivos. Si no tienes actualmente un agente de estudios puedes acudir a alguno que te ayude con el proceso. ",6-Aug-19,6-Aug-19,59,Visa,Regulacion,Estudiar,Colegios,,Comparison page,Blog,,,,
"Basado en experiencias de otras personas, el timepo promedio para conseguir trabajo en Australia como estudiante es de 2 semanas. Este timepo se puede extender hasta 4 semanas dependiendo de la temporada en la que estes. A continuacion te dejamos un blog que te ayuda con tips en como encontrar trabajo en Australia.",6-Aug-19,6-Aug-19,60,Trabajo,Pago,Vida,Calculadora,,Blog,,,,,
"Debido a las pocas horas que puedes trabajar, es un poco dificil sostener una familia con esos ingresos. Te recomendamos que veas la opción de irte como estudiante de posgrado. En este caso, una persona iria como estudiante y la pareja iria como dependiente del menor. El dependiente en este caso podria trabajar full time, osea 40 horas a la semana. Haciendo el proceso de esta manera, es menos complejo para el proceso de visa, y tienes la opción de hacer posgrado por dos años, la cual le permite aplicar a una posgraduate visa, que es para trabajar otros dos años.",6-Aug-19,6-Aug-19,61,Trabajo,Pago,Vida,Calculadora,Familia,,,,,,
SBS es uno de los pocos canales de la television Australiana que cuentan con un noticiero en Español. ,6-Aug-19,6-Aug-19,62,Negocios,Medios de Comunicación,Vida,,,,,,,,
"Existen varias iglesias con misa en español. La iglesia de St. Therese en 45 Sutherland St, Mascot tiene misa a las 6:30 pm los sábados. Adicionalmente, la iglesia de St. Michaels en 10 Croydon Road, Hurstville tiene misa en español los sábados a las 6:30 pm.Hay mas iglesias con misa en español. Para más información ingresa a <Link1>",6-Aug-19,6-Aug-19,20,Negocios,Iglesia,Catolica,,,http://masstimes.melbournecatholic.org.au/Fitzroy-North,http://masstimes.melbournecatholic.org.au/Ascot-Vale-and-Maribyrnong,,Iglesica Catolica Fitzroy,Iglesia Catolica Ascot Vale,
"De acuerdo a otras recomendaciones de otras personas, la empresa que aconsejan es Legal Aid, ya que cuentan con abogados que manejan el Español y es gratis. Para mayor informacion puedes dirigirte a la pagina web a continuacion.",6-Aug-19,6-Aug-19,64,Negocios,Abogado,Español,,,https://www.legalaid.nsw.gov.au/,,,Legal Aid,,
"La traducción de tu documento debe ser realizado por un traductor NAATI. Para ver la lista de todos los traductores disponibles, puedes ingresar al siguente link. Una de las empresas disponibles es Entrelingo la cual puedes contactar a traves del siguiente enlance.",6-Aug-19,6-Aug-19,65,Negocios,Traductor,,,,https://www.naati.com.au/mynaati/PDSearch/StartNewSearch,https://www.entrelingo.com/,,Naati,Entrelingo,
"Si, lo consideramos importante. Si tienes una visa temporal, con la licencia colombiana vigente y la traducción NAATI puedes manejar mientras estás en Australia. Si tienes residencia permanente, puedes manejar por 6 meses con la licencia colombiana y luego deberás realizar el proceso para obtener la licencia del estado donde residas en Australia. Si no tienes licencia vigente colombiana, deberás un proceso mas largo y costoso. Para más información ingresa aca <LINK>",6-Aug-19,6-Aug-19,66,Vida,Documentos,Licencia,Vigencia,,,,,,,
"La traducción de tu licencia de conducir debe ser realizada por un traductor NAATI. Para ver la lista de todos los traductores disponibles, puedes ingresar al siguente link <LINK1>. Una de las empresas disponibles es Entrelingo la cual puedes contactar a traves del siguiente enlance <LINK2>",6-Aug-19,6-Aug-19,10,Negocios,Documentos,Licencia,Traduccion,,https://www.naati.com.au/mynaati/PDSearch/StartNewSearch,https://www.entrelingo.com/,,Naati,Entrelingo,
"Es mejor traer la licencia colombiano, ya que puedes usar tu licencia por tres meses y los tramites son mucho mas faciles y rapidos para tramitar la licencia australiana si traes la licencia colombiana.",6-Aug-19,6-Aug-19,68,Vida,Documentos,Licencia,Moto,,,,,,,
"La solvencia economica es uno de los requisitos mas importantes al momento de aplicar a la visa estudiantil en Australia. Esta es solicitada ya que demostrara que te podras quedar y sostener financieramente en este pais sin ningun problema, ya que solo podras trabajar 20 horas a la semana.",6-Aug-19,6-Aug-19,69,Visa,Tramites,Estudiar,,,,,,,,
"De acuerdo a los diferentes analisis que hemos tenido, es mucho mas probable que te aprueben una visa de estudiante a una visa de trabajo. La otra opcion que tendrias es la de aplicar a la Skill visa, pero esta depende de tu nivel de ingles y otros requerimientos. Para mayor informacion puedes dirigirte a la pagina web a continuacion.",6-Aug-19,6-Aug-19,70,Visa,Trabajo,Estudiar,,,https://immi.homeaffairs.gov.au/visas/working-in-australia,,,Govierno de Australia,,
"El termino ""extender"" la visa realmente no existe. Para poder permanecer en Australia, tendras que seguir estudiando para obtener una visa nuevamente, o si cuentas con los requerimientos exigidos por immigracion, podrias aplicar a la residencia permanente.",6-Aug-19,6-Aug-19,71,Visa,Tarifas,Estudiar,,,,,,,,
"Tu puedes gestionar la visa por ti solo, mas sin embargo se te recomienda visitar a una agencia ya que te pueden brindar una mejor asesoria. Existen muchas agencias de immigracion que te pueden ayudar a tramitar tu visa de estudiante. Estas agencias se encuentran ubicadas en Colombia o en Australia y las puedes contactar por su pagina web. A continuacion, puedes leer nuestro blog acerca de como escoger una agencia estudiantil. Tambien te recomendamos usar nuestra herramienta de comparasion para que compares cursos en Australia.",6-Aug-19,6-Aug-19,72,Negocios,Visa,Estudiar,,,Blog,,,,,
"Los costos para una escuela publica en Australia varian dependiendo de que escuela escojas y donde estas ubicado. Estos costos estan aproximadamente desde los $AUD 7000 a los $AUD 38000 cada 12 meses. si quieres mas informacion acerca de estos costos, dirigete a la siguiente pagina web.",6-Aug-19,6-Aug-19,73,Vida,Australia,Familia,,,https://www.goodschools.com.au/insights/education-updates/survey-reveals-the-cost-of-an-australian-school-education,,,La Guia de buenas escuelas,,
Si requieres una visa de transito para hacer escala en cualquier ciudad de Canada. Para mas informacion dirigete a la siguiente pagina web.,6-Aug-19,6-Aug-19,74,Viaje,Visa,Canadá,Tramites,,https://www.canada.ca/en/immigration-refugees-citizenship/services/visit-canada/transit.html,,,Govierno de Canada,,
"El tiempo determinado por la embajada de Nueva Zelanda para obtener una visa es de 40 dias, mas sin embargo estos dias pueden variar y puede que te la otorguen en 15 o 20 dias. Esta tiene un costo approximado de $NZD 200. Para mas informacion ve a la pagina web de la embajada de NZ <Link>",6-Aug-19,6-Aug-19,75,Viaje,Visa,Nueva Zelanda,,,https://www.immigration.govt.nz/new-zealand-visas/apply-for-a-visa,,,Immigracion de NZ,,
"El tramite de la visa de turista lo puedes realizar en linea. Este tramite tiene un costo de aproximadamente $AUD 145 y se te demoraria aproximadamente entre 2 y 4 semanas. Para mayor informacion acerca de las visas de turista, puedes dirigirte a la siguiente pagina web.",6-Aug-19,6-Aug-19,76,Viaje,Visa,Australia,,,https://immi.homeaffairs.gov.au/visas/getting-a-visa/visa-listing/visitor-600/tourist-stream-overseas,,,Govierno de Australia,,
"Si cuentas con una visa de estudiante y estas actualmente estudiando en Australia, si puedes hacer una carta de invitacion a un familiar.",6-Aug-19,6-Aug-19,77,Visa,Familia,Turista,Tramites,,,,,,,
"Para realizar escalas en cualquiera de las ciudades de los Estados Unidos, necesitas obtener una visa de transito. De otra manera no podras viajar por los Estados Unidos. Para mayor informacion, dirigete a la pagina web a continuacion.",6-Aug-19,6-Aug-19,78,Viaje,Visa,Estados Unidos,,,https://usa-visas.com/usa-visa-requirements/c-1-transit-visa/,,,USA Visas,,
"Existen varias iglesias cristianas con servicio en español. Una de ellas es Waterloo que queda en 937 Bourke St, Waterloo. Para más información ingresa a <Link 1>",6-Aug-19,6-Aug-19,47,Negocios,Iglesia,Cristiana,,,https://www.planetshakers.com/australia/melbourne-city/,,,Planetshakers,,
"De acuerdo a recomendaciones de otras personas, uno de los mejores sitios para ir a escuchar musica es Maloney's bar en Maloney's hotel. Puedes visitar su pagina web a continuacion.",6-Aug-19,6-Aug-19,80,Negocios,Rumba,Español,Fiesta,Bar,https://www.maloneyhotels.com.au,,,Maloney's Hotel,,
"Te recomendamos que primero hagas un curso particular para que te familiarises con las calles de Australia. Despues de que ya te sientas bien y confidente manejando, tienes que hacer el test practico y teorico para poder adquirir la licencia de conduccion. Si quieres saber mas informacion, dirigete a la pagina web a continuacion.",6-Aug-19,6-Aug-19,81,Vida,Licencia,,,,https://www.service.nsw.gov.au/guide/getting-nsw-driver-licence,,,Servicio de NSW,,
Solo puedes aplicar por un ABN (Australian Business Number) si ya tienes asignado un TFN (Tax File Number). Para mayor informacion dirigete a la pagina del ATO.,6-Aug-19,6-Aug-19,82,Vida,ABN,Proceso,,,https://www.ato.gov.au/Forms/?sorttype=SortByTopic&marketsegment=Entire%20Website,,,ATO,,
"Existen diferentes empresas que te pueden ayudar con envios de cualquier articulo, incluyendo maletas. Inclusive estos pueden ser mas economicos que enviarlas por el Aeropuerto. Si quieres mas informacion, dirigete a los siguientes sitios web.",6-Aug-19,6-Aug-19,83,Vida,Envios,Maletas,,,https://try.sendle.com/pricing,https://auspost.com.au/,https://www.wizme.com.au/,Sendle,Australian Post,
Tienes permitido entrar a Australia sin ningun problema sin importar que la fecha del seguro sea posterior a la llegada.,6-Aug-19,6-Aug-19,84,Viaje,Seguro,Visa,Estudiar,,,,,,,
"Para que no te retengan mas del 20% en tus ingresos, tienes que poner en el formulario del TFN que eres residente Australiano para proposito de impuestos (Australian resident for taxation purposes). De esta manera el porcentage de retencion es menor. Informate mejor en la pagina web a continuacion.",6-Aug-19,6-Aug-19,85,Vida,Tax,Trabajo,TFN,,https://www.ato.gov.au/rates/fortnightly-tax-table/?page=2,,,ATO,,
"De acuerdo a diferentes opiniones y un analisis de recomendaciones, es sugerible que traigas ropa desde Colombia, ya que el costo de la vestimenta en Australia es mucho mas alto comparado con Colombia. Igualmente te sugerimos usar nuestra herramienta de comparasion y calculadora de costos en Australia.",6-Aug-19,6-Aug-19,86,Vida,Ropa,Compras,Ahorro,,Calculadora,Blog,,,,
"Para poder ser parte de las votaciones presidenciales de Colombia, simplemente debes ir al consulado Colombiano de tu ciudad y registrarte con tu cedula y huella dactilar.",6-Aug-19,6-Aug-19,87,Vida,Votar,Colombia,Consulado,,,,,,,
"Si quieres viajar a Australia y estudiar, debes cumplir con ciertos requisitos que pide immigracion. Estos requisitos pueden ser encontrados en la pagina en linea de immigracion <Link>. Existen varias agencias de immigracion las cuales te pueden ayudar con estos requisitos y con mas informacion acerca de como estudiar o migrar a Australia, mas sin embargo muchas personas no confian en estas agencias ya que han tenido una mala experiencia. Al llegar a Australia como estudiante, podras trabajar legalmente solo 20 horas a la semana.",6-Aug-19,6-Aug-19,88,Vida,Visa,Cursos,Trabajo,,https://colombia.embassy.gov.au/bcol/study.html,https://australianimmigrationvisas.com.au/,,Embajada de Colombia,Australian Migration Visas,
El Blue Slip es un proceso que se le debe hacer a un vehiculo para poder revisar que cumple con todos los estandares y asi poder ser registrado en NSW. Este proceso tiene que ser realizado por un mecanico certificado y es un poco mas costoso que el Pink slip. Para mas informacion vea al siguiente link. <Link>,6-Aug-19,6-Aug-19,89,Vida,Tramite,Certificado,,,https://www.repcoservice.com/our-services/vehicle-inspections-and-reports/vehicle-inspections/nsw/blue-slip-inspection,,,Repco,,
La calidad de los productos que encuetras en Wish app varian dependiendo de la empresa que los produce. Puedes encontrar producto de muy buena calidad como otros de mala calidad. Es siempre recomendable que leas los reviews que dejan otros clientes antes de comprar un articulo por medio de la applicacion.,6-Aug-19,6-Aug-19,90,Vida,Negocios,Compra,,,,,,,,
Par enviar paquetes o articulos hacia Colombia puedes utilizar companias de envios tales como Australian Post o Parcel ABC. <Link>,6-Aug-19,6-Aug-19,91,Negocios,Envio,Colombia,,,https://auspost.com.au/,https://www.parcelabc.com/,,Australian Post,Parcel ABC,
"Existen diferentes lugares donde puedes obtener el White Card, incluyendo sitios en linea. Las siguientes son algunas de las opciones donde puedes obtenerlo.",6-Aug-19,6-Aug-19,92,Vida,White Card,Trabajo,,,https://www.cbdcollege.edu.au,http://www.licences4work.com.au,http://www.comsectraining.com.au,CBD College,Licenses4work,Comsec Training
"Existen diferentes lugares donde puedes obtener el certificado RSA, incluyendo un sitio en linea. Las siguientes son algunas de las opciones donde puedes obtenerlo. <Link>",6-Aug-19,6-Aug-19,92,Vida,White Card,Trabajo,,,https://www.cbdcollege.edu.au,http://www.licences4work.com.au,http://www.comsectraining.com.au,CBD College,Licenses4work,Comsec Training
"Existen diferentes sitios en linea en los que puedes practicar Ingles gratis. Entre ellos se encuentran Duolingo, Babel y tambien pues asistir a Meetups de intercambio de idiomas. <Link>",6-Aug-19,6-Aug-19,94,Negocios,Online,Ingles,Estudio,,https://www.duolingo.com/,https://www.babbel.com/,https://www.meetup.com/en-AU/esl-syd/?fbclid=IwAR3WW_X86GQQoLPjD1zzTWgSAbXm3tbrImodbIx81aG-2q2wo0JGCFESW-4,Duolingo,Babbel,Meetup
"Existen diferentes lugares donde puedes ir a comer comida Colombiana. Entre los mas conocidos se encuentran Exotik, Herradura, Aluna y Scuro Espresso. <Link>",6-Aug-19,6-Aug-19,95,Negocios,Restaurantes,,,,https://www.exotiklatin.com/,http://laherradura.com.au/,https://www.facebook.com/espressoscuro,Exotik,La herradura,Espresso Oscuro
"Existen diferentes lugares donde puedes comprar Platano. Entre ellas se encuentran Harris Market, Cafe Organik o Perkilo.",6-Aug-19,6-Aug-19,96,Negocios,Platano,,,,https://www.harrisfarm.com.au/,https://www.facebook.com/PerKiloLatino,,Harris Farm,Per Kilo,
"Existen diferentes lugares donde puedes comprar harina de maiz. Entre ellas se encuentran Harris Market, Cafe Organik o Perkilo. <Link>",6-Aug-19,6-Aug-19,97,Negocios,Harina Maiz,Compra,,,https://www.harrisfarm.com.au/,https://www.facebook.com/ColombiaOrganik/?hc_location=ufi,https://www.facebook.com/PerKiloLatino,Harris Farm,The Organik,Per Kilo
"Existes varias empresas que venden gafas y lentes de contacto, pero la empresa que los vende mas economicos es Specsavers y cuentan con tiendas en toda Australia. <Link>",6-Aug-19,6-Aug-19,98,Negocios,Gafas,Lentes,,,https://www.specsavers.com.au/,,,Specsavers,,
"Existen diferentes lugares donde puedes obtener el certificado RSA, incluyendo un sitio en linea. Las siguientes son algunas de las opciones donde puedes obtenerlo.",6-Aug-19,6-Aug-19,92,Vida,White Card,Trabajo,,,https://www.cbdcollege.edu.au,http://www.licences4work.com.au,http://www.comsectraining.com.au,CBD College,Licenses4work,Comsec Training
Existen diversas personas que hacen y venden arepas. Passporr te recomienda Antojos Colombianos. Pregunta por Lina y te pedimos que digas que Passporr te envió. La puedes contactar al número 0434 556 148,6-Aug-19,6-Aug-19,100,Negocios,Arepas,,,,,,,,,
"Es recomendable que escojas un lugar donde vivir que quede muy cerca a la ciudad, ya que te vas a tener que estar desplazando a ella cuando vayas a estudiar. Ademas la mayoria de los trabajos se encuentran en ese punto. Point Piper o algun otro suburbio cerca al centro de la ciudad.",6-Aug-19,6-Aug-19,101,Vida,Suburbios,,,,,,,,,
"Diciembre es una epoca en la que el trabajo se incrementa debido a las diferentes actividades que ocurren en esta epoca. Al ser verano, muchas actividades son realizadas en las diferentes ciudades de Australia, y esto incrementa el turismo.",6-Aug-19,6-Aug-19,102,Vida,Trabajo,Vacaciones,,,,,,,,
"Normalmente los estudiantes prefieren estudiar en el horario nocturno. Esto les permite trabajar en el dia y la tarde, ya que la mayoria de los trabajos se dan en este horario.",6-Aug-19,6-Aug-19,103,Cursos,Escuelas,Estudio,,,,,,,,
Existen diferentes lugares donde puedes buscar trabajo en Australia. La mayoria son paginas en linea en las que puedes buscar trabajo en cualquier especialidad y puedes filtrar tu busqueda de acuerdo a tus necesidades. <Links>,6-Aug-19,6-Aug-19,104,Negocios,Agencias,Trabajo,,,https://www.seek.com.au/,https://au.indeed.com/,https://www.spotjobs.com/,Seek,Indeed,Spotjobs
Puedes cambiar dolares Americanos a dolares Australianos en cualquier casa de cambio. Es sugerible que visites varias casas de cambio y compares las tasas de interes y sus comisiones.,6-Aug-19,6-Aug-19,105,Vida,Dolares,Cambio,,,,,,,,
"Cuando posees una visa de turista, puedes salir del pais y volver a ingresar a los 2 o 3 dias sin ningun problema. Lo que requiere immigracion es que salgas del pais por ese tiempo.",6-Aug-19,6-Aug-19,106,Visa,Turista,,,,,,,,,
"No se require visa, sin embargo, se requiere un permiso que se obtiene online si viajas despues del 1 de Octuber 2019. Se recomienda aplicar al menos 3 días antes del viaje. Puedes encontrar mas información en el siguiente enlace.",6-Aug-19,6-Aug-19,1,Viaje,Visa,Nueva Zelanda,Auckland,,https://www.immigration.govt.nz/new-zealand-visas/apply-for-a-visa/about-visa/nzeta,,,Immigracion de NZ,,
"Para salir de el aeropuerto de Dubai, sí necesitas visa. La puedes adquirir allá mismo en el aeropuerto y te la dan de inmediato, por el tiempo que vayas a estar. Ahí mismo en el counter te venden los tours que necesites. Te recomiendo tomar los buses que le dan la vuelta a todos los sitios turísticos. Para que lo tengas en cuenta, exigen tener un booking de algún hotel allá (ellos también te lo hacen). Es muy fácil y ellos te explican todo al detalle.",6-Aug-19,6-Aug-19,108,Viaje,Visa,Dubai,,,,,,,,
El trabajo de Barista es el mas solicitado en Australia dado a su gran numero de cafeterias. Eltrabajo es muy buen pago dependiendo de la experiencia del candidato. Existen varias escuelas en las cuales puedes hacer curso de barista. <Link>,6-Aug-19,6-Aug-19,109,Trabajo,Vida,Barista,,,https://www.espressoschool.com.au/,https://www.australianbaristaschool.com.au/,,Espresso School,Australian Barista School,
El supermercado con los precios mas economicos del mercado en Australia se llama Aldi. <Link>,6-Aug-19,6-Aug-19,110,Negocios,Supermercado,Compra,,,https://www.aldi.com.au/,,,Aldi,,
"Para pedir que te difieran el pago del tax a cuotas, deberas contactar la Taxation office y solicitar este proceso. <Link>",6-Aug-19,6-Aug-19,111,Vida,Tax,Tramite,,,https://www.ato.gov.au/Forms/?sorttype=SortByTopic&marketsegment=Entire%20Website,,,ATO,,
"Si debes de tramitar la libreta militar si eres ciudadano Colombiano. Si resides en el exterior, debes registrarte e ingresar toda la información, pagar y te envíaran la libreta militar al consulado más cercano. <link>",6-Aug-19,6-Aug-19,112,Vida,Libreta militar,exterior,,,https://www.libretamilitar.mil.co/,,,Libreta Militar,,
"No esta permitido el trabajar en Australia si no tienes una visa que te permita trabajar, a lo que significa que no podrias utilizar un ABN para trabajar si tienes una visa de Turista.",6-Aug-19,6-Aug-19,113,Vida,ABN,Turista,Trabajo,,,,,,,
"El tiempo determinado por la embajada ade Nueva Zelanda para obtener una visa es de 40 dias, mas sin embargo estos dias pueden variar y puede que te la otorguen en 15 o 20 dias. Esta tiene un costo approximado de $NZD 200. Para mas informacion ve a la pagina web de la embajada de NZ.",6-Aug-19,6-Aug-19,2,Viaje,Visa,Nueva Zelanda,,,https://www.immigration.govt.nz/new-zealand-visas/apply-for-a-visa,,,Immigracion de NZ,,
"Es recomendado que cambies los pesos Colombianos en Colombia, ya que te evitarias tasas de cambio y comisiones mas altas en Australia.",6-Aug-19,6-Aug-19,115,Vida,Dolares,Cambio,,,,,,,,
Solo puedes aplicar por un ABN (Australian Business Number) si ya tienes asignado un TFN (Tax File Number). Para mayor informacion dirigete a la pagina del ATO <Link>,6-Aug-19,6-Aug-19,82,Vida,ABN,Proceso,,,https://www.ato.gov.au/Forms/?sorttype=SortByTopic&marketsegment=Entire%20Website,,,ATO,,
"Para viajar a Indonesia como Colombiano requieres una visa. Necesitas envíar el pasaporte a Canberra a la embajada de indonesia con lo siguiente: - Formulario completamente diligenciado con los documentos que solicitan. - Comprobante de pago de la visa (Se paga en el post office). - Dos sobres, uno mediano y uno pequeño. En el mediano envías el pasaporte, el formulario, los documentos y el pago. El sobre pequeño lo envias para que ahí le devuelvan el pasaporte con la visa. Para mas informacion acerca de la Visa de Indonesia, dirigite al siguiente link.",6-Aug-19,6-Aug-19,117,Viaje,Visa,Indonesia,,,https://indonesia.embassy.gov.au/jakt/Apply_Info.html,,,Embajada de Indonesia,,
"Para enviar dinero hacia Australia desde Colombia, puedes usar los servicios de Colcambios ya que son economicos y seguros. Tambien puedes usar apicaciones mobiles como TransferWise y World Remit.",6-Aug-19,6-Aug-19,118,Vida,Dinero,Envio,Transferencia,,https://www.facebook.com/colcambiosaustralia/,https://transferwise.com,https://www.worldremit.com/,Colcambios,TransferWise,World Remit
"Existen diferentes proveedores de telefonia celular con las cuales puedes llamar a Colombia. Entre ellas sen encuentran Telstra, Vodafone, Optus y Amaysim. <link>",6-Aug-19,6-Aug-19,119,Negocios,Telefono,Colombia,Llamadas,,https://www.telstra.com.au/mobile-phones,https://www.vodafone.com.au/plans,https://www.optus.com.au/shop/mobile/phone-plans,Telstra,Vodafone,Optus
"Debido a que eres Colombiano y tienes la patria potestad, debes de expedir un permiso notarial en la embajada Colombiana, ya que te lo pediran en immigracion del pais al que ingresas.",6-Aug-19,6-Aug-19,120,Viaje,Documentos,Tramite,,,,,,,,
"Una vez te encuentres en Australia, tu eres residente del pais, asi no sea permanente. A lo cual deberias de poner ""Si"" a esa pregunta. Para mayor informacion acerca de este formulario, puedes dirigirte al siguiente <Link>",6-Aug-19,6-Aug-19,121,Vida,Documentos,Tax,,,https://www.ato.gov.au/Forms/?sorttype=SortByTopic&marketsegment=Entire%20Website,,,ATO,,
No deberia haber ningun problema en que traigas este articulo al pais. Es recomendado que los empaques bien para que no vayan a sufrir ningun dano.,6-Aug-19,6-Aug-19,122,Viaje,Maleta,Avion,,,,,,,,
Podrias traer tu longboard pero corres con el riesgo de que se te dane o te pongan problema y tengas que pagar mas dinero. En Australia estos son muy baratos y podrias adquirir uno mucho mejor.,6-Aug-19,6-Aug-19,123,Viaje,Maleta,Avion,,,https://www.kickpush.com.au,,,Kickpush,,
La licencia de automovil te servira para conducir por un tiempo deeterminado. La licenica de autobus no te sirve y tienes que expedirla de nuevo.,6-Aug-19,6-Aug-19,124,Vida,Documentos,Licencia,Autobus,,,,,,,
"Podras entrar a cualquier ciudad de Colombia con el pasaporte que se encuentre vencido. Sin embargo, para salir del pais, necesitaras renovar tu pasaporte Colombiano.",6-Aug-19,6-Aug-19,125,Vida,Viaje,Pasaporte,Vigencia,,,,,,,
"El costo del transporte depende de la distancia que recorras e igualmente el medio de transporte que utilizes. Si deseas averiguar mas sobre costos de transporte, utiliza nuestra calculadora y compara costos de vida.",6-Aug-19,6-Aug-19,126,Vida,Calculadora,Transporte ,,,,,,,,
"Si tienes licencia para moto de Colombia la puedes usar por 3 meses en Australia. Si no, tienes que ir al service para que te asignen un número. Con el número que te entreguen agendas el curso que son 2 días (Rider pre-learner course). Luego de hacer el curso, haces el examen de conocimientos en el service. Luego ya puedes conducir con el certificado que te entreguen y la licencia te llega por correo como 3 semanas después.",6-Aug-19,6-Aug-19,127,Vida,Documentos,Licencia,Moto,,,,,,,
"Hay perosnas en Sydney que te pueden preparar los tamales a pedido, mas sin embargo si quieres comprarlos, lo puedes hacer en los siguientes cafes. <link>",6-Aug-19,6-Aug-19,128,Negocios,Tamales,Comida,Sydney,,http://laherradura.com.au/,https://cafeconlechesurryhills.business.site/,,La herradura,Cafe con Leche,
"Para aplicar y obtener el Police Check en Australia, debes dirigirte a la pagina web de la policia nacional y diligenciar los formularios que te piden. El costo es approximadamente AUD$49. <link>",6-Aug-19,6-Aug-19,129,Vida,Police Check,,,,https://www.police.vic.gov.au/national-police-records-checks#apply-for-a-national-police-check,,,Policia Nacional,,
Hay varias opciones de centros comerciales en los que puedes encontrar Outlets. A continuacion te enlistamos algunos  de estos centros comerciales.,6-Aug-19,6-Aug-19,130,Negocios,Ropa,Comprar,,,https://www.birkenheadpoint.com.au/,https://www.dfo.com.au/homebush,,Birken,DFO,
"Lo mas parecido al Isodine en Colombia, se llama Betadine y lo puedes conseguir en cualquier farmacia o supermercado de tu ciudad. Te recomendamos Chemist Warehouse y puedes obtener mas informacion en la pagina web a continuacion.",6-Aug-19,6-Aug-19,131,Negocios,Medicina,,,,https://www.chemistwarehouse.com.au/buy/31054/betadine-antiseptic-topical-solution-15ml,,,Chemist Warehouse,,
"Debes realizarte un examen de salud general, donde debe llevarse certificado de la vacuna polio y fiebre amarilla.",6-Aug-19,6-Aug-19,132,Vida,Visa,Trabajo,Salud,,,,,,,
"De acuerdo a varias recomendaciones de otras personas, se te sugiere que obtengas libros de librerias de tu ciudad. Algunas de estas pueden ser Libreria estatal o la libreria de Fairfield, las cuales cuentan con secciones de libros en Español. De igual manera si quieres comprar libros, puedes dirigirte a las siguientes tiendas de libros.",6-Aug-19,6-Aug-19,133,Negocios,Libros,Compras,Libreria,Vida,https://www.abbeys.com.au/abbeys/home.do,https://www.dymocks.com.au/,,Abbeys,Dymocks,
"Basado en diferentes experiencias de otros viajeros, los errores mas comunes que se han cometido cuando se aplica a la visa de turista, es el de no adjuntar cartas de invitacion de la persona que reside en el pais de destino, el de no reservar la cita de los examenes biometricos a los aplicantes de la visa, no agendar o aplicar a esta visa con bastante tiempo de anticipacion, no soportar financieramente su estadia por el tiempo que permaneceran en dicho pais.",6-Aug-19,6-Aug-19,134,Viaje,Visa,Turista,Familia,,,,,,,
"El tiempo promedio que se demora la visa de turista Australiana en ser aprobada seria de 1 a 6 semanas. Esto depende de la temporada en la que se esta aplicando e igualmente en que tan bien soportada este tu solicitud. Mas sin embargo te recomendamos que apliques y reserves citas con bastante tiempo de anticipacion. Para mas informacion acerca de la visa de turista, dirigite a la siguiente pagina web.",6-Aug-19,6-Aug-19,135,Viaje,Visa,Turista,Familia,,https://immi.homeaffairs.gov.au/visas/getting-a-visa/visa-listing/visitor-600/tourist-stream-overseas,,,Govierno de Australia,,
"Puedes retirar dinero desde cualquier cajero automatico de los 4 grandes bancos en Australia (ANZ, Commonwealth Bank, NAB y Westpac), mas sin embargo el que menos cobra es ANZ ya que solo cobra AUD$ 2.00. Te recomendamos hacer un solo retiro de AUD$ 750 AUD Que es lo maximo que Bancolombia te deja por dia.",6-Aug-19,6-Aug-19,136,Vida,Retiros,Bancos,Dinero,,,,,,,
"Basado en diferentes recomendaciones y nuestro analisis, te remonedamos averiguar con las empresas de seguro AAMI, Bingle y RACV, ya que estas son las mas escogidas y cuentan con muy buen cubrimiento cuando se trata de seguro para vehiculo. Para mayor informacion, dirigete a las siguientes paginas web.",6-Aug-19,6-Aug-19,137,Negocios,Seguro,Vehiculo,,,https://www.aami.com.au/,https://www.bingle.com.au/,https://www.racv.com.au/,AAMI,Bingle,RACV
"Te recomendamos que te dirijas a la siguiente pagina web, en la cual puedes buscar una notaria o un notaria que hable tu idioma.",6-Aug-19,6-Aug-19,138,Negocios,Espanol,Notaria,,,https://notaries.org.au/language-support/,,,Notarias,,
"El transporte publico en Australia es uno de los mejores del mundo. El transportarte va a depender de en donde vas a vivir y a donde te vas a dirigir. Es recomendable transportarse en bicicleta si vives, estudias y trabajas en lugares cercanos a cada uno, de esta manera ahorrarias bastante dinero. Pero si tienes que transportarte por largas distancias, esrecomendable tomar el transporte publico. Te recomendamos que leas nuestro blog acerc de transporte.",6-Aug-19,6-Aug-19,139,Vida,Transporte,,,,Blog,,,,,
"Basado en diferentes recomendaciones, se te aconseja el vivir cerca de la city (centro de la ciudad), pero esto significa que la renta es mas costosa (AUD$ 250 / AUD$ 350 por semana). Si quieres algo mas barato, te aconsejamos un barrio a 20/30 minutos de la ciudad en tren siempre y cuando tengas una estacion de tren cerca a donde vas a vivir. Esta te podria costar entre AUD$ 180 a AUD$ 200 a la semana.",6-Aug-19,6-Aug-19,140,Vida,Suburbios,Renta,,,Blog,,,,,
"En Australia hay bastante trabajo, pero este depende de que tan activo estes buscandolo y de tu nivel de Ingles. Plataformas digitales de economia colaborativa es lo mas facil de encontrar, pero tambien es lo mas mal pago (teniendo en cuenta los riesgos que corres). Tambien hay mucho trabajo en el sector de limpieza y aseo, y estos son muy bien pagados. Lo mejor, pero mas complicado de encontrar, basado en tu nivel de Ingles seria hospitality (mesero, chef, etc).",6-Aug-19,6-Aug-19,141,Trabajo,Vida,,,,Blog,,,,,
"Basado en diferentes recomendaciones de otras personas, te sugerimos que vayas a Reptile Park o Symbio park para que puedas ver Canguros y Koalas.",6-Aug-19,6-Aug-19,142,Vida,Animales,Viaje,Canguros,,https://reptilepark.com.au/,https://symbiozoo.com.au/,,Reptile Park,Symbio Park,
"Te recomendamos que te dirijas a 99Bikes or Just Ride para compras de bicicletas. Si quieres mas informacion acrca de estas tiendas, dirigete a las siguientes paginas web.",6-Aug-19,6-Aug-19,143,Negocios,Trabajo,Bicicleta,,,https://www.99bikes.com.au/,https://www.justride.com.au/,,99 Bikes,Just Ride,
"Para tu viaje, te recomendamos que incluyas todos o algunos de los siguientes articulos en tu equipaje de mano: Audífonos, cepillo de dientes, almohada, libro o películas descargadas en tu celular or tablet, batería, medias, documentos (visa, pasaporte, Coe, etc), sandalias y algo de dinero (llevar algo en dólares americanos).",6-Aug-19,6-Aug-19,144,Viaje,Maletas,Equipaje,,,Blog,,,,,
"Se recomienda que al momento de viajar traigas algo de efectivo contigo, ya que nunca sabes que inconveniente vayas a tener en tu viaje. No tiene que ser una gran suma de dinero, pero si algo de dinero suelto para que hagas cualquier diligencia que necesites hacer. Te recomendamos que leas nuestro blog de viajes para que aclares cualquier dudas que tengas.",6-Aug-19,6-Aug-19,145,Viaje,Dinero,Retiro,,,Blog,,,,,
"Basado en diferentes opiniones de distintas personas, por ley los Colombianos residentes en el exterior no Afiliados a EPS tienen opción de Medicina Prepagada y están exentos de pagar EPS adjuntando la visa y el certificado de Residente en el Exterior. Colmedica Medicina Prepagada tiene muy buenos planes, que empiezan desde COP$ 100,000. Para mayor informacion, te puedes dirigir a la siguiente pagina web.",6-Aug-19,6-Aug-19,146,Vida,Salud,Prepagada,EPS,,https://www.colmedica.com/Paginas/Home.aspx,,,Colmedica,,
"Existen varios lugares en donde puedes encontrar productos Colombianos, entre ellos y los mas conocidos se encuentran La Casa Iberica y Grand Laguna. Si quieres saber mas de estos lugares, ingresa a su pagina web a continuacion.",6-Aug-19,6-Aug-19,147,Negocios,Vida,Comida,Productos,,http://casaibericadeli.com.au/,https://www.facebook.com/lagunahawthorn/,,Casa Iberica,Grand Laguna,
"Los costos de vida de las diferentes ciudades de Australia varian dependiendo en que tanto hagas y que presupuesto tengas en mente. Para ayudarte a tener una idea de ese presupuesto y de los costos de vida de cada ciudad, hemos construido una calculadora de costso de vida. Para saber mas acerca sobre esta herramienta, simplemente ve al link a continuacion.",6-Aug-19,6-Aug-19,148,Vida,Costos,Calculadora,Ciudades,,Calculadora,,,,,
"Existe una gran variedad de productos, los cuales no estan permitidos ingresar a Australia. Para mayor informacion acerca de estos productos, dirigete a la siguiente pagina web para ver la lista de los mismos.",6-Aug-19,6-Aug-19,149,Vida,Productos,Prohibido,Australia,,https://www.abf.gov.au/importing-exporting-and-manufacturing/prohibited-goods/list-of-items,,,Australian Border Force,,
"De acuerdo a diferentes opiniones y recomendaciones de otros usuarios, te recomendamos que compres ropa y vestidos en Forever New, Review y / o H&M, ya que estas empresas cuentan con gran variedad de vestimenta para jovenes. Para mayor informacion, te puedes dirigir a su pagina web a continuacion.",6-Aug-19,6-Aug-19,28,Viaje,Cruceros,,,,https://www.crazycruises.com.au/,https://www.cruiseguru.com.au/,,Crazy Cruises,Cruise Guru,
"Existen diferentes sitios donde puedes llevar ninos pra que realicen un gran numero de actividades de recreacion, mas sin embargo algunos de los mas populares son el Melbourne Zoo, El Acuario de Melbourne, Planet Kids en Planetshakers y parques como Fawkner Park y Albert Park. Dirigete a las siguientes paginas webs para mayor informacion.",6-Aug-19,6-Aug-19,151,Negocios,Vida,Ninos,Recreacion,,https://www.zoo.org.au/melbourne/,https://www.melbourneaquarium.com.au/,http://www.planetkidsplaycentre.com/,Zoologico de Melbourne,Acuario de Melbourne,PlanetKids
"Basado en diferentes recomendaciones de otros usuarios, las siguientes son algunas de las mejores empresas que ofrecen clases de guitarra. Learn Guitar Today, Richmond Music Academy y The Music Gym. Si quieres saber mas informacion acerca de estos lugares, dirigete a las siguientes paginas web.",6-Aug-19,6-Aug-19,152,Negocios,Vida,Clases,Guitarra,,https://www.learnguitartoday.com.au/,https://www.richmondmusicacademy.com.au/,https://themusicgym.com.au/,Learn Guitar Today,Richmond Music Academy,The Music Gym
"Basado en diferentes recomendaciones de otros usuarios, las siguientes son algunas de las mejores empresas que ofrecen clases de Tecnica Vocal. The House of Voice, Richmond Music Academy y The Music Gym. Si quieres saber mas informacion acerca de estos lugares, dirigete a las siguientes paginas web.",6-Aug-19,6-Aug-19,152,Negocios,Vida,Clases,Guitarra,,https://www.learnguitartoday.com.au/,https://www.richmondmusicacademy.com.au/,https://themusicgym.com.au/,Learn Guitar Today,Richmond Music Academy,The Music Gym
"Para adquirir la licencia en Victoria, lo primero que debes hacer es sacar una cita en Vicroads para que te revicen tu licencia Colombiana. Dependiendo de esto, te diran cuantos examenes te toca realizar. Estos pueden ser 3 (Knowledge test, Hazard test y Driving test). Una vez realizas uno y lo pasas, te agendaran el siguiente, hasta que los termines todos. Para mayor informacion hacerca de estos tests, dirigete a la pagina web a continuacion.",6-Aug-19,6-Aug-19,154,Negocios,Vida,Licencia,Vehiculo,,https://www.vicroads.vic.gov.au/licences,,,VicRoads,,
"Existen diversos cinemas a los que puedes atender y ver peliculas con buenos precios. Algunos de estos son Hoyts, Village y Palace. Mas sin embargo, puedes adquirir ticketes mas baratos si cuentas con operadores de telefonia celular que tienen acuerdos con estos cinemas. La empresa de celular Optus te ofrece acuerdos con Hoyts y puedes comprar ticketes mas baratos. La empresa Telstra te ofrece acuerdos con Village Cinemas y puedes comprar ticketes mas baratos. Para mayor informacion, dirigete a las paginas web a continuacion.",6-Aug-19,6-Aug-19,155,Negocios,Cinema,Pelicula,Vida,,https://www.optusperks.com.au/movies,https://www.telstra.com.au/plus/tickets/movies,,Optus Movies,Telstra Movies,
"Existen negocios que te pueden ayudar a recortar el pulso de tu reloj. Muchos de estos negocios son vitrinas que se encuentran establecidas en grandes centros comerciales como Highpoint shopping centre, Melbourne Central or QV (Queen Victoria). Te puedes dirigir a cualquiera de estos centros comerciales y preguntar por estas relojerias.",6-Aug-19,6-Aug-19,156,Negocios,Reloj,,,,,,,,,
"Basado en diversas recomendaciones de otros usuarios, podras encontrar aguardiente en el restaurante La Tienda. Si quieres encontrar mas informacion sobre este negocio, dirigete a la siguiente pagina web.",6-Aug-19,6-Aug-19,157,Negocios,Vida,Aguardiente,Bebidas,,http://www.latiendamelbourne.com/,,,La Tienda,,
"Basado en diversas recomendaciones de otros usuarios, podras encontrar comida Colombiana en el restaurante La Tienda y tambien en el restaurante / Cafe Cento Mani. Si quieres encontrar mas informacion sobre este negocio, dirigete a la siguiente pagina web.",6-Aug-19,6-Aug-19,157,Negocios,Vida,Aguardiente,Bebidas,,http://www.latiendamelbourne.com/,,,La Tienda,,
"Si te encuentras ubicado en la ciudad de Melbourne, te tocaria viajar a Canberra o a Sydney, donde se encuentran los consulados de Colombia en Australia. Mas sin embargo, estos consulados envian un consulado movil a Melbourne, el cual se queda por un par de dias para que los Colombianos que necesiten tramitar diligencias, no se necesiten desplazar hasta las otras ciudades. Para mayor informacion acerca de el consulado movil, dirigete a la pagina web a continuacion.",6-Aug-19,6-Aug-19,159,Negocios,Cedula,Vida,Melbourne,,https://canberra.consulado.gov.co/,,,Consulado de Colombia,,
"De acuerdo a varias recomendaciones de otros usuarios, estas mazorcas las puedes encontrar en una tienda asiatica que queda en el QV (Queen Victoria). QV es un Centro Comercial en el CBD que queda sobre las calles de Swanston y Lonsdale. La tienda es asiatica y queda detrás de una tienda japonesa de color rosado llamada “Daiso” y al lado del Gimnasio Fitness First.",6-Aug-19,6-Aug-19,160,Negocios,Comida,Mazorca,Colombia,,,,,,,
"Cuando haces escala por Santiago de Chile, puedes salir de el aeropuerto sin ningun problema alguno. Simplemente debes pasar por un puesto de control donde te dan un documento, el cual debes entregar lde vuelta luego que vayas a volver a ingresar al aeropuerto.",6-Aug-19,6-Aug-19,161,Viaje,Transito,Escala,Aeropuerto,Chile,,,,,,
"El dinero del bono debe ir a una organización del gobierno local que lo toma en custodia dentro de los 10 días siguientes al inicio del arrendamiento. Si el arredramiento tiene lugar en Victoria –en cada estado varía la organización- el dinero debe ir a la oficina Residential Tenancies Bond Authority (Autoridad de bonos residenciales de inquilinos, en Español): RTBA en Melbouirne, RTA en Brisbane y RBO en Sydney.",6-Aug-19,6-Aug-19,162,Vida,Arriendo,Bono,Habitacion,,,,,,,
"De acuerdo a diferentes opiniones, se recomienda traer dólares americanos y cambiarlos en casas de cambio en Australia. En caso que no pueda cambiar los pesos Colombianos por dólares americanos en Colombia, se te recomienda no traer pesos colombianos, los lugares para cambiarlos son escasos y no es favorable.",6-Aug-19,6-Aug-19,163,Vida,Retiros,Dolares,,,,,,,,
"Basado en diversas recomendaciones de otros usuarios, podras encontrar comida Perunana en el restaurante Pastuso. Si quieres encontrar mas informacion sobre este negocio, dirigete a la siguiente pagina web.",6-Aug-19,6-Aug-19,157,Negocios,Vida,Aguardiente,Bebidas,,http://www.latiendamelbourne.com/,,,La Tienda,,
"Basado en diversas recomendaciones de otros usuarios, podras encontrar comida Mexicana en el restaurante Mamasita, Fonda y La Tortilleria. Si quieres encontrar mas informacion sobre estos negocio, dirigete a las siguientes paginas web.",6-Aug-19,6-Aug-19,157,Negocios,Vida,Aguardiente,Bebidas,,http://www.latiendamelbourne.com/,,,La Tienda,,
"De acuerdo a recomendaciones de otros usuarios, el mejor lugar donde puedes encontrar platanos son en el Mercado de Preston y el mercado de Sunshine.",6-Aug-19,6-Aug-19,166,Negocios,Platano,,,,https://www.prestonmarket.com.au/,,,Mercado de Preston,,
El RWC tiene un costo aproximado de AUD$ 99 y se te demora unas 3 horas en obtenerlo. Este certificado lo puedes obtener en cualquier taller de motos que este registrados para proveer este documento. A continuacion te damos la informacion de algunos talleres recomendados por algunos usuarios.,6-Aug-19,6-Aug-19,167,Negocios,RWC,Vehiculo,Certificado,,https://starcycle.com.au/,http://sixtydegreesmotorcycles.com.au/,https://platinummotorcycles.com.au/,Starcycle,Sixty Degrees Motorcycles,Platinum Motorcycles
"De acuerdo a diferentes opiniones de otros usuarios, hay un Doctor en el centro medico de Swanston que habla l español y es muy bueno. Su nombre es Anthony Baresic y puedes reservar una cita con el en la siguiente pagina web.",6-Aug-19,6-Aug-19,168,Negocios,Doctor,Español,Medico,,https://swanstonstreetmedicalcentre.com.au/our-doctors/,,,Centro Medico de Swanston,,
"De acuerdo a diferentes opiniones de otros usuarios, si tenias visa de estudiante y aplicas a otra de estudiante, no tendras derecho a trabajar desde que se termine tu visa actual, hasta que comience el curso de la siguiente visa. A menos que te hayan otorgado la Bridging visa A, o ya te haya llegado la nueva visa de estudiante. Para mayor informacion acerca de las condiciones de la Bridging visa, dirigete a la siguiente pagina web.",6-Aug-19,6-Aug-19,168,Negocios,Doctor,Español,Medico,,https://swanstonstreetmedicalcentre.com.au/our-doctors/,,,Centro Medico de Swanston,,
"Desafortunadamente, si se te llegara a perder la licencia de conduccion, no hay forma de que te den una nueva por medio del consulado.",6-Aug-19,6-Aug-19,170,Vida,Licencia,Consulado,,,,,,,,
"Existen diferentes lugares donde puedes obtener el White Card, incluyendo sitios en linea. Mas sin embargo la mas recomendada por usuarios es Edway Training. Si quieres mas informacion, dirigete a la siguiente pagina web.",6-Aug-19,6-Aug-19,92,Vida,White Card,Trabajo,,,https://www.cbdcollege.edu.au,http://www.licences4work.com.au,http://www.comsectraining.com.au,CBD College,Licenses4work,Comsec Training
"Si quieres dirigirte o salir de el aeropuerto de Avalon, puedes tomar el servicio que te ofrece el Skybus, el cual llega y sale de Souther Cross Station. Para mayor informacion, dirigete a la siguiente pagina web.",6-Aug-19,6-Aug-19,172,Vida,Aeropuerto,Transporte,,,https://www.skybus.com.au/,,,SkyBus,,
"Si quieres dirigirte o salir de el aeropuerto de Tullamarine, puedes tomar el servicio que te ofrece el Skybus, el cual llega y sale de Souther Cross Station. Para mayor informacion, dirigete a la siguiente pagina web.",6-Aug-19,6-Aug-19,173,Vida,Aeropuerto,Transporte,,,https://www.skybus.com.au/,,,SkyBus,,
"De acuerdo a diferentes recomendaciones de otros usuarios, una de las mejores peluquerias para hombres son Alpha Barbers y uncle Rocco, los cuales estan situados en diferentes puntos  de la ciudad. Para mayor informacion, dirigete a las siguientes paginas web.",6-Aug-19,6-Aug-19,174,Negocios,Peluqueria,Cabello,,,http://www.alphabarbers.com.au/,https://uncleroccos.com.au/,,Alpha Barbers,Uncle Rocco,
"Existen negocios que te pueden ayudar a arreglar el cargador de tu computador. Muchos de estos negocios son vitrinas que se encuentran establecidas en grandes centros comerciales como Highpoint shopping centre, Melbourne Central or DFO. Te puedes dirigir a cualquiera de estos centros comerciales y preguntar por estos negocios.",6-Aug-19,6-Aug-19,175,Negocios,Cargador,Computador,,,,,,,,
"Basado en diferentes recomendaciones de otros usuarios, podras encontrar diversas empresas o personas que te puedan ayudar a arregla tu electrodomestico en Airtasker. Simplemente tienes que colocar un anuncio de lo que necesites, y perosnas certificadas te contactaran para ayudarte con tu anuncio. Para mayor informacion acerca de Airtasker, dirigete a la siguiente pagina web.",6-Aug-19,6-Aug-19,152,Negocios,Vida,Clases,Guitarra,,https://www.learnguitartoday.com.au/,https://www.richmondmusicacademy.com.au/,https://themusicgym.com.au/,Learn Guitar Today,Richmond Music Academy,The Music Gym
"De acuerdo a diferentes recomendaciones de otros usuarios, puedes encontrar medias de compresion en Chemist Warehouse. Estas se encuentran ubicadas en diferentes sitios de la ciudad y puedes dirigirte a la siguiente pagina web para mayor informacion.",6-Aug-19,6-Aug-19,174,Negocios,Peluqueria,Cabello,,,http://www.alphabarbers.com.au/,https://uncleroccos.com.au/,,Alpha Barbers,Uncle Rocco,
"De acuerdo a diferentes recomendaciones de otros usuarios, puedes contactar a Jessica Veta Travel, la cual cuenta con viajes turisticos en Español. Para mayor informacion dirigete al siguiente link.",6-Aug-19,6-Aug-19,174,Negocios,Peluqueria,Cabello,,,http://www.alphabarbers.com.au/,https://uncleroccos.com.au/,,Alpha Barbers,Uncle Rocco,
"Basado en diferentes recomendaciones de otros usuarios, podras encontrar diversas empresas o personas que te puedan ayudar a con una mudanza en Airtasker. Simplemente tienes que colocar un anuncio de lo que necesites, y perosnas certificadas te contactaran para ayudarte con tu anuncio. Para mayor informacion acerca de Airtasker, dirigete a la siguiente pagina web.",6-Aug-19,6-Aug-19,152,Negocios,Vida,Clases,Guitarra,,https://www.learnguitartoday.com.au/,https://www.richmondmusicacademy.com.au/,https://themusicgym.com.au/,Learn Guitar Today,Richmond Music Academy,The Music Gym
"De acuerdo a diferentes opiniones y recomendaciones de otros usuarios, te recomendamos que compres vestidos de baño en KMart o Myer, ya que estas empresas cuentan con gran variedad. Para mayor informacion, te puedes dirigir a su pagina web a continuacion.",6-Aug-19,6-Aug-19,28,Viaje,Cruceros,,,,https://www.crazycruises.com.au/,https://www.cruiseguru.com.au/,,Crazy Cruises,Cruise Guru,
"Para poder cambiar de vehiculo cuando lo tengas vinculado a una empresa de entrega como Uber Eats o Deliveroo, simplemente tienes que contactarlos como usuario principal de la cuenta y llenar los formularios que te exigiran. Este proceso se demora 24 horas y puedes hacerlo en cualquier momento. Para mayor informacion, te puedes dirigir a la siguiente pagina web.",6-Aug-19,6-Aug-19,181,Vida,Trabajo,Vehiculo,,,https://help.uber.com/partners/article/swapreplace-a-vehicle?nodeId=35e66b11-c59d-44c9-bc97-15f6e92a98da,,,Uber Eats,,
"De acuerdo a diferentes recomendaciones de otros usuarios, puedes encontrar Arequipe o Bacadillo en el Cafe Organik. Para mayor informacion acerca de este lugar, puedes dirigirte a la siguiente pagina web.",6-Aug-19,6-Aug-19,174,Negocios,Peluqueria,Cabello,,,http://www.alphabarbers.com.au/,https://uncleroccos.com.au/,,Alpha Barbers,Uncle Rocco,
"Bali es uno de los mejores destinos a los que un estudiante puede ir a visitar, ya que es bastante economico y hay mucho lugares para visitar. Para mayor informacion acerca de este destino, te recomendamos leer el Blog a continuacion.",6-Aug-19,6-Aug-19,183,Viaje,Bali,Vida,,,Blog,,,,,
"Basado en diferentes recomendaciones y opiniones de otros usuarios, te recomendamos que contactes a Ana Lucia Orozco. A continuacion puedes visitar su cuenta de Facebook.",6-Aug-19,6-Aug-19,184,Negocios,Vida,Depiladores,,,https://www.facebook.com/analucia.orozco1?hc_location=ufi,,,Perfil de Ana Lucia Orozco,,
"Uno de las empresas de seguros mas recomendadas por nuestra comunidad es Bupa, ya que cuenta con seguros economicos para mayores de edad. Si quieres mas informacion, dirigete a la siguiente pagina web.",6-Aug-19,6-Aug-19,185,Vida,Negocios,Seguros,,,https://www.bupa.com.au/,,,Bupa,,
"Requieres una visa de transito para hacer escala en Malasia, siempre y cuando tengas que salir del terminal a donde llegaste. Mas sin embargo, si el terminal de llegada, sera el mismo de salida, no rquieres ninguna visa.",6-Aug-19,6-Aug-19,186,Viaje,Malasia,Visa,Escala,,https://www.klia2.info/trips/malaysia/malaysia-visa-information/,,,Visas,,
"Te recomendamos que te dirijas a Livelo or Sydney Electric Bikes para compras de bicicletas. Si quieres mas informacion acrca de estas tiendas, dirigete a las siguientes paginas web.",6-Aug-19,6-Aug-19,187,Negocios,Trabajo,Bicicleta,,,https://www.livelo.com.au/collections/e-bike-rental-sydney,http://www.sydneyelectricbikes.com.au/,,Livelo,Sydney Electric Bikes,
"Cuando trabajas prestando servicios para Uber Eats, Deliveroo o cualquier otra empresa, deberas pagar impuestos en el dinero que ganes. Este dinero debera ser pagado al ATO (Australian Taxation Office). Para mayor informacion, dirigete a las siguientes paginas web.",6-Aug-19,6-Aug-19,188,Vida,Uber,Impuestos,Trabajo,,https://www.ato.gov.au/rates/individual-income-tax-rates/?fbclid=IwAR2AyYsYQR0D2Hskul9qcWjJuE5sCTw-oeAsRXECjp6mgG0zFJTbojnpwng,https://community.ato.gov.au/t5/Sharing-Economy/Paying-tax-as-Uber-Eats-Driver/td-p/6838,,ATO,ATO Community,
"Basado en diferentes recomendaciones y opiniones de otros usuarios, te recomendamos VIP Dental, Total Smiles y el odontologo Edward Valencia. A continuacion puedes visitar sus paginas web y cuenta de Facebook.",6-Aug-19,6-Aug-19,184,Negocios,Vida,Depiladores,,,https://www.facebook.com/analucia.orozco1?hc_location=ufi,,,Perfil de Ana Lucia Orozco,,
"Basado en diferentes recomendaciones y opiniones de otros usuarios, te recomendamos Authentink y The Darling Parlour. A continuacion puedes visitar sus paginas web donde podras ver sus cuentas de Instagram.",6-Aug-19,6-Aug-19,184,Negocios,Vida,Depiladores,,,https://www.facebook.com/analucia.orozco1?hc_location=ufi,,,Perfil de Ana Lucia Orozco,,
"De acuerdo a diferentes experiencias de diferentes usuarios, te podemos recomendar usar el sitio web Roomster para buscar un lugar para arrendar, bien sea una habitcion o una casa completa.",6-Aug-19,6-Aug-19,191,Negocios,Vida,Roomster,,,https://www.roomster.com,,,Roomster,,
"Basado en diferentes recomendaciones y opiniones de otros usuarios, te recomendamos que contactes a el odontologo Julian Osorio. A continuacion puedes visitar su cuenta de Facebook para mayor informacion.",6-Aug-19,6-Aug-19,184,Negocios,Vida,Depiladores,,,https://www.facebook.com/analucia.orozco1?hc_location=ufi,,,Perfil de Ana Lucia Orozco,,
"Para contactar traductores oficiales, te recomendamos que lo hagas directamete con NAATI o Entrelingo, ya que estas dos son las mas seguras y recomendadas por nuestros usuarios.",6-Aug-19,6-Aug-19,193,Negocios,Vida,Traductor,,,https://www.naati.com.au/mynaati/PDSearch/StartNewSearch,https://www.entrelingo.com/,,Naati,Entrelingo,
"Para presentar el driving test, deberas usar un vehiculo el cual este registrado legalmente. Este vehiculo no puede pesar mas de 4.5 toneladas y no puede sentar mas de 12 personas. Para mayor informacion, puedes dirigirte a la siguiente pagina web.",6-Aug-19,6-Aug-19,194,Vida,Licencia,Van,,,https://www.ltrent.com.au/blog/the-test-car/,,,ITrent,,
"Basado en diferentes recomendaciones y opiniones de otros usuarios, te recomendamos que contactes a el estilista Johnatan Hernandez Galindo. A continuacion puedes visitar su cuenta de Facebook para mayor informacion.",6-Aug-19,6-Aug-19,184,Negocios,Vida,Depiladores,,,https://www.facebook.com/analucia.orozco1?hc_location=ufi,,,Perfil de Ana Lucia Orozco,,
"con el presupuesto que cuentas podrias adquirir una gran variedad de marca de carros y estos irian desde el modelo 2000 hasta 2006. Carros como Hyundai Getz, Toyota Corolla or el honda Jazz son muy buenas opciones. Para comprar un carro, puedes dirigirte a las siguientes paginas web.",6-Aug-19,6-Aug-19,196,Vida,Carro,Compra,,,https://www.carsales.com.au/,https://www.gumtree.com.au/,,Carsales,Gumtree,