Key,Name,Course,Course Lenght,Length(Weeks),Min,Max, AM Tuition fee (Offshore), AM Tuition fee (Onshore), PM Tuition fee (Offshore), PM Tuition fee (Onshore), Enrolment Fee, Material Fee,Mat Week frecuency, Max week Mat, Morning Timetable,Afternoon Timetable,Night Timetable,Amenities,City,Address,Close to,Id,Lat,Long
Ability - Melbourne,Ability,General English,52,1-12 weeks,1,11, $ 265.00 , $ 265.00 , $ 225.00 , $ 225.00 , $ 220.00 , $ 10.00 ,1,,   Lun - Vie 8:30 - 2:30pm; 9:00am - 3:00pm,   Lun - Vie 5:00pm - 9:30pm,,"Salon de descanso para estudiantes, Cocina, Salones con proyectores, Neveras, Accesso a silla de ruedas, Internet gratis, Sala de computacion, Sala de juegos",Melbourne,"55 Swanston St, Melbourne","Estacion de tren de Flinders street, Catedral de San Paul, Federation Square, Melbourne Town Hall, Biblioteca de la ciudad Flinders lane",1,-37.8164,144.9666
Ability - Melbourne,Ability,General English,52,More than 12 weeks,12,52, $ 260.00 , $ 260.00 , $ 225.00 , $ 225.00 , $ 220.00 , $ 10.00 ,1,,   Lun - Vie 8:30 - 2:30pm; 9:00am - 3:00pm,   Lun - Vie 5:00pm - 9:30pm,,"Salon de descanso para estudiantes, Cocina, Salones con proyectores, Neveras, Accesso a silla de ruedas, Internet gratis, Sala de computacion, Sala de juegos",Melbourne,"55 Swanston St, Melbourne","Estacion de tren de Flinders street, Catedral de San Paul, Federation Square, Melbourne Town Hall, Biblioteca de la ciudad Flinders lane",1,-37.8164,144.9666
Ability - Sydney,Ability,General English,52,1-12 weeks,1,11, $ 265.00 , $ 265.00 , $ 225.00 , $ 225.00 , $ 220.00 , $ 10.00 ,1,,   Lun - Vie 8:30 - 2:30pm; 9:00am - 3:00pm,   Lun - Vie 5:00pm - 9:30pm,,"Salon de descanso para estudiantes, Cocina, Salones con proyectores, Neveras, Accesso a silla de ruedas, Internet gratis, Sala de computacion, Sala de juegos",Sydney,"10 Quay St, Sydney","Estacion central de Sydney, Libreria UTS, Parque Belmore, Universidad de Tecnologia de Sydney, Central park mall",2,-33.8819837,151.203824
Ability - Sydney,Ability,General English,52,More than 12 weeks,12,52, $ 260.00 , $ 260.00 , $ 225.00 , $ 225.00 , $ 220.00 , $ 10.00 ,1,,   Lun - Vie 8:30 - 2:30pm; 9:00am - 3:00pm,   Lun - Vie 5:00pm - 9:30pm,,"Salon de descanso para estudiantes, Cocina, Salones con proyectores, Neveras, Accesso a silla de ruedas, Internet gratis, Sala de computacion, Sala de juegos",Sydney,"10 Quay St, Sydney","Estacion central de Sydney, Libreria UTS, Parque Belmore, Universidad de Tecnologia de Sydney, Central park mall",2,-33.8819837,151.203824
AIE - Melbourne,AIE,General English,52,,1,52, $ 170.00 , $ 170.00 , $ 170.00 , $ 170.00 , $ 250.00 , $ 5.00 ,1,,   Lun - Vie 8:30 - 5:00pm,    Vie 1:00pm - 5:00pm; Sab - Dom 8:30 - 5:00pm,,"Sala de computacion, Cocina, Salon de descanso",Melbourne,"Level 11, 474 Flinders Street, Melbourne","Acuario de Melbourne, Estacion de tren Souther Cross, Estadio de Marvel, Crown Casino, Centro de Exhibicion de Melbourne",3,-37.8198244,144.9583012
Albright - Melbourne,Albright,General English,52,24+ weeks,24,52, $ 200.00 , $ 200.00 , $ 190.00 , $ 190.00 , $ 200.00 , $ 10.00 ,1,,   Lun - Vie 9:00am - 1:15pm,   Lun - Vie 5:30pm - 9:45pm,,"Salon de descanso para estudiantes, Cocina, Salones con proyectores, Neveras, Accesso a silla de ruedas, Internet gratis, Sala de computacion, Sala de juegos",Melbourne,"341/345 Queen street, Melbourne","Jardines de Flagstaff, Estacion de tren de Flagstaff, Queen Victoria Market, Libreria del Estado de Victoria, Iglesia de San Francis, Museo Hellenico",4,-37.8103717,144.958126
Albright - Melbourne,Albright,General English,52,1-23 weeks,1,23, $ 210.00 , $ 210.00 , $ 190.00 , $ 190.00 , $ 200.00 , $ 10.00 ,1,,   Lun - Vie 9:00am - 1:15pm,   Lun - Vie 5:30pm - 9:45pm,,"Salon de descanso para estudiantes, Cocina, Salones con proyectores, Neveras, Accesso a silla de ruedas, Internet gratis, Sala de computacion, Sala de juegos",Melbourne,"341/345 Queen street, Melbourne","Jardines de Flagstaff, Estacion de tren de Flagstaff, Queen Victoria Market, Libreria del Estado de Victoria, Iglesia de San Francis, Museo Hellenico",4,-37.8103717,144.958126
Albright - Melbourne,Albright,General English,52,12+ weeks,12,52,, $ 190.00 ,,, $ 200.00 , $ 10.00 ,1,,   Lun - Vie 9:00am - 1:15pm,,,"Salon de descanso para estudiantes, Cocina, Salones con proyectores, Neveras, Accesso a silla de ruedas, Internet gratis, Sala de computacion, Sala de juegos",Melbourne,"341/345 Queen street, Melbourne","Jardines de Flagstaff, Estacion de tren de Flagstaff, Queen Victoria Market, Libreria del Estado de Victoria, Iglesia de San Francis, Museo Hellenico",4,-37.8103717,144.958126
Albright - Melbourne,Albright,General English,52,1-11 weeks,1,11,, $ 210.00 ,,, $ 200.00 , $ 10.00 ,1,,   Lun - Vie 9:00am - 1:15pm,,,"Salon de descanso para estudiantes, Cocina, Salones con proyectores, Neveras, Accesso a silla de ruedas, Internet gratis, Sala de computacion, Sala de juegos",Melbourne,"341/345 Queen street, Melbourne","Jardines de Flagstaff, Estacion de tren de Flagstaff, Queen Victoria Market, Libreria del Estado de Victoria, Iglesia de San Francis, Museo Hellenico",4,-37.8103717,144.958126
Impact English College - Melbourne,Impact English College,General English,52,All,1,52, $ 270.00 , $ 270.00 , $ 270.00 , $ 270.00 , $ 200.00 , $ 60.00 ,10,,   Lun - Vie 8:50am - 1:15pm,   Lun - Vie 1:20pm - 5:45pm,,"Sala de computacion, Cafeteria en el campo, Libreria, Sala de descanso, Cocina moderna, Salones de actividades, Internet gratis",Melbourne,"5/620 Bourke St, Melbourne","Acuario de Melbourne, Estacion de tren Souther Cross, Estadio de Marvel, Crown Casino, Centro de Exhibicion de Melbourne",5,-37.816229,144.9553219
INUS English - Melbourne,INUS English,General English,52,All,1,52, $ 250.00 , $ 250.00 , $ 220.00 , $ 220.00 , $ 200.00 , $ 10.00 ,1,,   Lun - Vie 8:45am - 2:45pm,   Lun - Vie 5:30pm - 9:45pm,,"Sala de computacion, Libreria con recursos, Fotocopiadora e impresoras, Acceso a silla de ruedas, Internet gratis, Aire acondicionado, Cocina moderna, Cafeteria, ",Melbourne,"85-91 Queen St, Melbourne","Banco de Melbourne, El Museo del Banco de ANZ, Univrsidad de La Trobe, Instituto de Tecnologia Nova, Estacion de tren de Flinders street",6,-37.8164801,144.9610829
INUS English - Melbourne,INUS English,IELTS Preparatory,0,All,1,52, $ 250.00 , $ 250.00 , $ 220.00 , $ 220.00 , $ 200.00 , $ 10.00 ,1,,   Lun - Vie 8:45am - 2:45pm,   Lun - Vie 5:30pm - 9:45pm,,"Sala de computacion, Libreria con recursos, Fotocopiadora e impresoras, Acceso a silla de ruedas, Internet gratis, Aire acondicionado, Cocina moderna, Cafeteria, ",Melbourne,"85-91 Queen St, Melbourne","Banco de Melbourne, El Museo del Banco de ANZ, Univrsidad de La Trobe, Instituto de Tecnologia Nova, Estacion de tren de Flinders street",6,-37.8164801,144.9610829
ANCE - Melbourne,ANCE,General English,52,All,1,52, $ 190.00 , $ 190.00 , $ 190.00 , $ 190.00 , $ 200.00 , $ 85.00 ,15,,   Lun - Jue 8:45am - 2:45pm,,,"Cocina, Sala de reuniones, Aire acondicionado, Salones modernos",Melbourne,"474 Flinders St, Melbourne","Acuario de Melbourne, Estacion de tren Souther Cross, Estadio de Marvel, Crown Casino, Centro de Exhibicion de Melbourne",7,-37.8198244,144.9583012
ANCE - Melbourne,ANCE,IELTS Preparatory,0,All,1,52, $ 190.00 , $ 190.00 , $ 190.00 , $ 190.00 , $ 200.00 , $ 85.00 ,15,,   Lun - Jue 8:45am - 2:45pm,,,"Cocina, Sala de reuniones, Aire acondicionado, Salones modernos",Melbourne,"474 Flinders St, Melbourne","Acuario de Melbourne, Estacion de tren Souther Cross, Estadio de Marvel, Crown Casino, Centro de Exhibicion de Melbourne",7,-37.8198244,144.9583012
ANCE - Melbourne,ANCE,Business English,0,All,1,52, $ 190.00 , $ 190.00 , $ 190.00 , $ 190.00 , $ 200.00 , $ 85.00 ,15,,   Lun - Jue 8:45am - 2:45pm,,,"Cocina, Sala de reuniones, Aire acondicionado, Salones modernos",Melbourne,"474 Flinders St, Melbourne","Acuario de Melbourne, Estacion de tren Souther Cross, Estadio de Marvel, Crown Casino, Centro de Exhibicion de Melbourne",7,-37.8198244,144.9583012
Bayside - Melbourne,Bayside,General English,52,All,1,52, $ 220.00 , $ 190.00 , $ 220.00 , $ 190.00 , $ 200.00 , $ 60.00 ,10,,   Lun - Vie 9:00am - 1:15pm,   Lun - Vie 1:30pm - 5:45pm,   Lun - Vie 4:30pm - 8:30pm,"Cocina, Aire acondicionado, Sala de descanso, Salones modernos, Consejero personal, Salones de reuniones",Melbourne,"55 Acland St, St Kilda","Parque de diversiones Luna Park, Playa de St Kilda, Jardines botanicos de St Kilda, Mercado del Esplanade de St kilda",8,-37.8656452,144.9767993
Bayside - Melbourne,Bayside,IELTS Preparatory,0,All,1,52, $ 220.00 , $ 190.00 , $ 220.00 , $ 190.00 , $ 200.00 , $ 60.00 ,10,,   Lun - Vie 9:00am - 1:15pm,   Lun - Vie 1:30pm - 5:45pm,   Lun - Vie 1:30pm - 5:45pm,"Cocina, Aire acondicionado, Sala de descanso, Salones modernos, Consejero personal, Salones de reuniones",Melbourne,"55 Acland St, St Kilda","Parque de diversiones Luna Park, Playa de St Kilda, Jardines botanicos de St Kilda, Mercado del Esplanade de St kilda",8,-37.8656452,144.9767993
Discover English - Melbourne,Discover English,General English,52,All,1,52, $ 250.00 , $ 250.00 , $ 250.00 , $ 250.00 , $ 220.00 , $ 70.00 ,10,,   Lun - Vie 8:30am - 1:00pm,   Lun - Vie 1:30pm - 5:45pm,,"Internet gratis, Cocina moderna, Sala de descanso, Maquinas expendedoras, Sala de computacion, Aire acondicionado, Salones modernos y espaciosos",Melbourne,"247 Collins St, Melbourne","Estacion de tren de Flinders street, Catedral de San Paul, Federation Square, Melbourne Town Hall, Biblioteca de la ciudad Flinders lane",9,-37.8160721,144.9657225
Discover English - Melbourne,Discover English,IELTS Preparatory,10,All,1,52, $ 250.00 , $ 250.00 , $ 250.00 , $ 250.00 , $ 220.00 , $ 70.00 ,10,,   Lun - Vie 8:30am - 1:00pm,   Lun - Vie 1:30pm - 5:45pm,,"Internet gratis, Cocina moderna, Sala de descanso, Maquinas expendedoras, Sala de computacion, Aire acondicionado, Salones modernos y espaciosos",Melbourne,"247 Collins St, Melbourne","Estacion de tren de Flinders street, Catedral de San Paul, Federation Square, Melbourne Town Hall, Biblioteca de la ciudad Flinders lane",9,-37.8160721,144.9657225
ELSIS - Melbourne,ELSIS,General English,52,All,1,52, $ 220.00 , $ 220.00 , $ 185.00 , $ 185.00 , $ 200.00 , $ 10.00 ,1,,   Lun - Vie 8:15am - 12:30pm,   Lun - Vie 5:10pm - 9:30pm,,"Cocina, Sala de reuniones, Aire acondicionado, Salones modernos",Melbourne,"Level 7, 399 Lonsdale street, Melbourne","Jardines de Flagstaff, Estacion de tren de Flagstaff, CEntro comercial Emporium, Myer, Libreria del Estado de Victoria, Iglesia de San Francis",10,-37.8130231,144.9606243
ELSIS - Melbourne,ELSIS,IELTS Preparatory,10,All,1,52, $ 220.00 , $ 220.00 , $ 185.00 , $ 185.00 , $ 200.00 , $ 10.00 ,1,,   Lun - Vie 8:15am - 12:30pm,   Lun - Vie 5:10pm - 9:30pm,,"Cocina, Sala de reuniones, Aire acondicionado, Salones modernos",Melbourne,"Level 7, 399 Lonsdale street, Melbourne","Jardines de Flagstaff, Estacion de tren de Flagstaff, CEntro comercial Emporium, Myer, Libreria del Estado de Victoria, Iglesia de San Francis",10,-37.8130231,144.9606243
ELSIS - Melbourne,ELSIS,Academic,10,All,1,52, $ 220.00 , $ 220.00 , $ 185.00 , $ 185.00 , $ 200.00 , $ 10.00 ,1,,   Lun - Vie 8:15am - 12:30pm,   Lun - Vie 5:10pm - 9:30pm,,"Cocina, Sala de reuniones, Aire acondicionado, Salones modernos",Melbourne,"Level 7, 399 Lonsdale street, Melbourne","Jardines de Flagstaff, Estacion de tren de Flagstaff, CEntro comercial Emporium, Myer, Libreria del Estado de Victoria, Iglesia de San Francis",10,-37.8130231,144.9606243
ELSIS - Sydney,ELSIS,General English,52,All,1,52, $ 250.00 , $ 250.00 , $ 220.00 , $ 220.00 , $ 200.00 , $ 10.00 ,1,,   Lun - Vie 8:15am - 12:30pm,   Lun - Vie 5:10pm - 9:30pm,,"Cocina, Sala de reuniones, Aire acondicionado, Salones modernos",Sydney,"Level 2/545 Kent St, Sydney","Acuario de Sydney, Edificio de Queen Victoria, Museo Maritimo de Australia, Sydney Town Hall, Darling Harbour",11,-33.8759786,151.2052225
ELSIS - Sydney,ELSIS,IELTS Preparatory,10,All,1,52, $ 250.00 , $ 250.00 , $ 220.00 , $ 220.00 , $ 200.00 , $ 10.00 ,1,,   Lun - Vie 8:15am - 12:30pm,   Lun - Vie 5:10pm - 9:30pm,,"Cocina, Sala de reuniones, Aire acondicionado, Salones modernos",Sydney,"Level 2/545 Kent St, Sydney","Acuario de Sydney, Edificio de Queen Victoria, Museo Maritimo de Australia, Sydney Town Hall, Darling Harbour",11,-33.8759786,151.2052225
ELSIS - Sydney,ELSIS,Academic,10,All,1,52, $ 250.00 , $ 250.00 , $ 220.00 , $ 220.00 , $ 200.00 , $ 10.00 ,1,,   Lun - Vie 8:15am - 12:30pm,   Lun - Vie 5:10pm - 9:30pm,,"Cocina, Sala de reuniones, Aire acondicionado, Salones modernos",Sydney,"Level 2/545 Kent St, Sydney","Acuario de Sydney, Edificio de Queen Victoria, Museo Maritimo de Australia, Sydney Town Hall, Darling Harbour",11,-33.8759786,151.2052225
ELSIS - Brisbane,ELSIS,General English,52,All,1,52, $ 210.00 , $ 210.00 , $ 185.00 , $ 185.00 , $ 200.00 , $ 10.00 ,1,,   Lun - Vie 8:15am - 12:30pm,   Lun - Vie 5:10pm - 9:30pm,,"Cocina, Sala de reuniones, Aire acondicionado, Salones modernos",Brisbane,"1/126 Margaret St, Brisbane City","Jardines botanicos de Brisbane, El Centro Myer, Estacion de tren Central, Galeria de Arte Moderno, La rueda de Brisbane",12,-27.4728403,153.0275664
ELSIS - Brisbane,ELSIS,IELTS Preparatory,10,All,1,52, $ 210.00 , $ 210.00 , $ 185.00 , $ 185.00 , $ 200.00 , $ 10.00 ,1,,   Lun - Vie 8:15am - 12:30pm,   Lun - Vie 5:10pm - 9:30pm,,"Cocina, Sala de reuniones, Aire acondicionado, Salones modernos",Brisbane,"1/126 Margaret St, Brisbane City","Jardines botanicos de Brisbane, El Centro Myer, Estacion de tren Central, Galeria de Arte Moderno, La rueda de Brisbane",12,-27.4728403,153.0275664
ELSIS - Brisbane,ELSIS,Academic,10,All,1,52, $ 210.00 , $ 210.00 , $ 185.00 , $ 185.00 , $ 200.00 , $ 10.00 ,1,,   Lun - Vie 8:15am - 12:30pm,   Lun - Vie 5:10pm - 9:30pm,,"Cocina, Sala de reuniones, Aire acondicionado, Salones modernos",Brisbane,"1/126 Margaret St, Brisbane City","Jardines botanicos de Brisbane, El Centro Myer, Estacion de tren Central, Galeria de Arte Moderno, La rueda de Brisbane",12,-27.4728403,153.0275664
Lyceum english Language - Melbourne,Lyceum english Language,General English,52,1-12 weeks,1,12, $ 250.00 , $ 200.00 ,,, $ 200.00 , $ 50.00 ,10,,   Lun - Vie 8:30am - 12:45pm,,,"Salones declase modernos, Salon de descanso, Cocina moderna, Sala de computacion con recursos de estudio, Aire acondicionado, Internet gratis",Melbourne,"131 Queen St, Melbourne","Estacion de tren de Flinders street, Acuario de Melbourne, Centro comercial de Emporium, Myer, Bourke street Mall",13,-37.8155047,144.9606243
Lyceum english Language - Melbourne,Lyceum english Language,General English,52,13-23 weeks,13,23, $ 240.00 , $ 180.00 ,,, $ 200.00 , $ 50.00 ,10,,   Lun - Vie 8:30am - 12:45pm,,,"Salones declase modernos, Salon de descanso, Cocina moderna, Sala de computacion con recursos de estudio, Aire acondicionado, Internet gratis",Melbourne,"131 Queen St, Melbourne","Estacion de tren de Flinders street, Acuario de Melbourne, Centro comercial de Emporium, Myer, Bourke street Mall",13,-37.8155047,144.9606243
Lyceum english Language - Melbourne,Lyceum english Language,General English,52,24+ weeks,24,52, $ 220.00 , $ 180.00 ,,, $ 200.00 , $ 50.00 ,10,,   Lun - Vie 8:30am - 12:45pm,,,"Salones declase modernos, Salon de descanso, Cocina moderna, Sala de computacion con recursos de estudio, Aire acondicionado, Internet gratis",Melbourne,"131 Queen St, Melbourne","Estacion de tren de Flinders street, Acuario de Melbourne, Centro comercial de Emporium, Myer, Bourke street Mall",13,-37.8155047,144.9606243
Lyceum english Language - Melbourne,Lyceum english Language,IELTS Preparatory,0,1-12 weeks,1,12, $ 250.00 , $ 200.00 ,,, $ 200.00 , $ 50.00 ,10,,   Lun - Vie 8:30am - 12:45pm,,,"Salones declase modernos, Salon de descanso, Cocina moderna, Sala de computacion con recursos de estudio, Aire acondicionado, Internet gratis",Melbourne,"131 Queen St, Melbourne","Estacion de tren de Flinders street, Acuario de Melbourne, Centro comercial de Emporium, Myer, Bourke street Mall",13,-37.8155047,144.9606243
Lyceum english Language - Melbourne,Lyceum english Language,IELTS Preparatory,0,13-23 weeks,13,23, $ 240.00 , $ 180.00 ,,, $ 200.00 , $ 50.00 ,10,,   Lun - Vie 8:30am - 12:45pm,,,"Salones declase modernos, Salon de descanso, Cocina moderna, Sala de computacion con recursos de estudio, Aire acondicionado, Internet gratis",Melbourne,"131 Queen St, Melbourne","Estacion de tren de Flinders street, Acuario de Melbourne, Centro comercial de Emporium, Myer, Bourke street Mall",13,-37.8155047,144.9606243
Lyceum english Language - Melbourne,Lyceum english Language,IELTS Preparatory,0,24+ weeks,24,52, $ 220.00 , $ 180.00 ,,, $ 200.00 , $ 50.00 ,10,,   Lun - Vie 8:30am - 12:45pm,,,"Salones declase modernos, Salon de descanso, Cocina moderna, Sala de computacion con recursos de estudio, Aire acondicionado, Internet gratis",Melbourne,"131 Queen St, Melbourne","Estacion de tren de Flinders street, Acuario de Melbourne, Centro comercial de Emporium, Myer, Bourke street Mall",13,-37.8155047,144.9606243
LAB Languages - Melbourne,LAB Languages,General English,52,All,1,52, $ 260.00 , $ 260.00 , $ 220.00 , $ 220.00 , $ 220.00 , $ 10.00 ,1,,   Lun - Vie 8:30am - 2:30pm,   Lun - Vie 5:00pm - 9:15pm,,"Sala de computacion, Libreria con recursos, Fotocopiadora e impresoras, Acceso a silla de ruedas, Internet gratis, Aire acondicionado, Cocina moderna, Cafeteria, ",Melbourne,"8/250 Collins St, Melbourne","Estacion de tren de Flinders street, Catedral de San Paul, Federation Square, Melbourne Town Hall, Biblioteca de la ciudad Flinders lane",14,-37.8154515,144.9654643
Lonsdale Institute - Melbourne,Lonsdale Institute,General English,52,All,1,52, $ 235.00 , $ 235.00 , $ 185.00 , $ 185.00 , $ 220.00 , $ 70.00 ,12,,   Lun - Vie 8:45am - 1:00pm,Lun -Fri 4:45pm - 9:00pm,,"Sala de computacion, Cocina, Salon de descanso",Melbourne,"Level 1, 277 Flinders Lane, Melbourne","Estacion de tren de Flinders street, Catedral de San Paul, Federation Square, Melbourne Town Hall, Biblioteca de la ciudad Flinders lane",15,-37.8171905,144.9652666
Lonsdale Institute - Melbourne,Lonsdale Institute,IELTS Preparatory,38,All,1,52, $ 235.00 , $ 235.00 ,,, $ 220.00 , $ 70.00 ,12,,   Lun - Vie 8:45am - 1:00pm,,,"Sala de computacion, Cocina, Salon de descanso",Melbourne,"Level 1, 277 Flinders Lane, Melbourne","Estacion de tren de Flinders street, Catedral de San Paul, Federation Square, Melbourne Town Hall, Biblioteca de la ciudad Flinders lane",15,-37.8171905,144.9652666
Lonsdale Institute - Melbourne,Lonsdale Institute,Academic,38,All,1,52, $ 235.00 , $ 235.00 ,,, $ 220.00 , $ 70.00 ,12,,   Lun - Vie 8:45am - 1:00pm,,,"Sala de computacion, Cocina, Salon de descanso",Melbourne,"Level 1, 277 Flinders Lane, Melbourne","Estacion de tren de Flinders street, Catedral de San Paul, Federation Square, Melbourne Town Hall, Biblioteca de la ciudad Flinders lane",15,-37.8171905,144.9652666
Melbourne College - Melbourne,Melbourne College,General English,52,All,1,52, $ 250.00 , $ 250.00 ,,, $ 100.00 , $ 15.00 ,,,   Lun - Vie 8:30am - 1:00pm,,,"Sala de actividades, Internet gratis, Sala de descanso, Salones modernos, Cocina moderna, ",Melbourne,"Level 13, 190 Queen street, Melbourne","Centro comercial Emporium, Myer, Bourke street Mall, Queen Victoria Market, Melbourne Town Hall",16,-37.8140304,144.9607964
Milestones English Academy - Melbourne,Milestones English Academy,General English,52,1-23 weeks,1,23, $ 225.00 , $ 225.00 , $ 200.00 , $ 200.00 , $ 150.00 , $ 5.00 ,1,,   Lun - Vie 8:30am - 12:45pm,   Lun - Vie 4:30am - 8:45pm,,"Sala de reuniones, Aire acondicionado, Salones modernos",Melbourne,"11/190 Queen St, Melbourne","Centro comercial Emporium, Myer, Bourke street Mall, Queen Victoria Market, Melbourne Town Hall",17,-37.8140304,144.9607964
Milestones English Academy - Melbourne,Milestones English Academy,General English,52,24+ weeks,24,52, $ 220.00 , $ 220.00 , $ 200.00 , $ 200.00 , $ 150.00 , $ 5.00 ,1,,   Lun - Vie 1:00pm - 5:15pm,   Lun - Vie 4:30am - 8:45pm,,"Sala de reuniones, Aire acondicionado, Salones modernos",Melbourne,"11/190 Queen St, Melbourne","Centro comercial Emporium, Myer, Bourke street Mall, Queen Victoria Market, Melbourne Town Hall",17,-37.8140304,144.9607964
Milestones English Academy - Melbourne,Milestones English Academy,IELTS Preparatory,0,1-23 weeks,1,23, $ 225.00 , $ 225.00 , $ 200.00 , $ 200.00 , $ 150.00 , $ 5.00 ,1,,   Lun - Vie 8:30am - 12:45pm,   Lun - Vie 5:30am - 9:45pm,,"Sala de reuniones, Aire acondicionado, Salones modernos",Melbourne,"11/190 Queen St, Melbourne","Centro comercial Emporium, Myer, Bourke street Mall, Queen Victoria Market, Melbourne Town Hall",17,-37.8140304,144.9607964
Milestones English Academy - Melbourne,Milestones English Academy,IELTS Preparatory,0,24+ weeks,24,52, $ 220.00 , $ 220.00 , $ 200.00 , $ 200.00 , $ 150.00 , $ 5.00 ,1,,   Lun - Vie 1:00pm - 5:15pm,   Lun - Vie 5:30am - 9:45pm,,"Sala de reuniones, Aire acondicionado, Salones modernos",Melbourne,"11/190 Queen St, Melbourne","Centro comercial Emporium, Myer, Bourke street Mall, Queen Victoria Market, Melbourne Town Hall",17,-37.8140304,144.9607964
Holmes-OHC - Melbourne,Holmes-OHC,General English,52,1-4 weeks,1,4, $ 268.00 , $ 268.00 ,,, $ 250.00 , $ 8.00 ,1,,   Lun - Vie 9:00am - 3:00pm,,,"Grandes auditorios, Salones modernos, Internet gratis, Libreria moderna, Salon de computacion, Salones de descanso y estudio, Sala de comidas y recreacion",Melbourne,"185 Spring St, Melbourne","Casa del Parlamento, Estacion de tren del Parlamento, Jardines del Parlamento, Teatro de comedia, Jardines de Carlton, Museo de Melbourne, Catedral de San Patrick",18,-37.8102902,144.972168
Holmes-OHC - Melbourne,Holmes-OHC,General English,52,5-12 weeks,5,12, $ 256.00 , $ 256.00 ,,, $ 250.00 , $ 8.00 ,1,,   Lun - Vie 9:00am - 3:00pm,,,"Grandes auditorios, Salones modernos, Internet gratis, Libreria moderna, Salon de computacion, Salones de descanso y estudio, Sala de comidas y recreacion",Melbourne,"185 Spring St, Melbourne","Casa del Parlamento, Estacion de tren del Parlamento, Jardines del Parlamento, Teatro de comedia, Jardines de Carlton, Museo de Melbourne, Catedral de San Patrick",18,-37.8102902,144.972168
Holmes-OHC - Melbourne,Holmes-OHC,General English,52,13-23 weeks,13,23, $ 244.00 , $ 244.00 ,,, $ 250.00 , $ 7.00 ,1,,   Lun - Vie 9:00am - 3:00pm,,,"Grandes auditorios, Salones modernos, Internet gratis, Libreria moderna, Salon de computacion, Salones de descanso y estudio, Sala de comidas y recreacion",Melbourne,"185 Spring St, Melbourne","Casa del Parlamento, Estacion de tren del Parlamento, Jardines del Parlamento, Teatro de comedia, Jardines de Carlton, Museo de Melbourne, Catedral de San Patrick",18,-37.8102902,144.972168
Holmes-OHC - Melbourne,Holmes-OHC,General English,52,24-35 weeks,24,35, $ 232.00 , $ 232.00 ,,, $ 250.00 , $ 6.00 ,1,,   Lun - Vie 9:00am - 3:00pm,,,"Grandes auditorios, Salones modernos, Internet gratis, Libreria moderna, Salon de computacion, Salones de descanso y estudio, Sala de comidas y recreacion",Melbourne,"185 Spring St, Melbourne","Casa del Parlamento, Estacion de tren del Parlamento, Jardines del Parlamento, Teatro de comedia, Jardines de Carlton, Museo de Melbourne, Catedral de San Patrick",18,-37.8102902,144.972168
Holmes-OHC - Melbourne,Holmes-OHC,General English,52,36+ weeks,36,52, $ 228.00 , $ 228.00 ,,, $ 250.00 , $ 6.00 ,1,,   Lun - Vie 9:00am - 3:00pm,,,"Grandes auditorios, Salones modernos, Internet gratis, Libreria moderna, Salon de computacion, Salones de descanso y estudio, Sala de comidas y recreacion",Melbourne,"185 Spring St, Melbourne","Casa del Parlamento, Estacion de tren del Parlamento, Jardines del Parlamento, Teatro de comedia, Jardines de Carlton, Museo de Melbourne, Catedral de San Patrick",18,-37.8102902,144.972168
Holmes-OHC - Melbourne,Holmes-OHC,IELTS Preparatory,0,1-4 weeks,1,4, $ 268.00 , $ 268.00 ,,, $ 250.00 , $ 8.00 ,1,,   Lun - Vie 9:00am - 3:00pm,,,"Grandes auditorios, Salones modernos, Internet gratis, Libreria moderna, Salon de computacion, Salones de descanso y estudio, Sala de comidas y recreacion",Melbourne,"185 Spring St, Melbourne","Casa del Parlamento, Estacion de tren del Parlamento, Jardines del Parlamento, Teatro de comedia, Jardines de Carlton, Museo de Melbourne, Catedral de San Patrick",18,-37.8102902,144.972168
Holmes-OHC - Melbourne,Holmes-OHC,IELTS Preparatory,0,5-12 weeks,5,12, $ 256.00 , $ 256.00 ,,, $ 250.00 , $ 8.00 ,1,,   Lun - Vie 9:00am - 3:00pm,,,"Grandes auditorios, Salones modernos, Internet gratis, Libreria moderna, Salon de computacion, Salones de descanso y estudio, Sala de comidas y recreacion",Melbourne,"185 Spring St, Melbourne","Casa del Parlamento, Estacion de tren del Parlamento, Jardines del Parlamento, Teatro de comedia, Jardines de Carlton, Museo de Melbourne, Catedral de San Patrick",18,-37.8102902,144.972168
Holmes-OHC - Melbourne,Holmes-OHC,IELTS Preparatory,0,13-23 weeks,13,23, $ 244.00 , $ 244.00 ,,, $ 250.00 , $ 7.00 ,1,,   Lun - Vie 9:00am - 3:00pm,,,"Grandes auditorios, Salones modernos, Internet gratis, Libreria moderna, Salon de computacion, Salones de descanso y estudio, Sala de comidas y recreacion",Melbourne,"185 Spring St, Melbourne","Casa del Parlamento, Estacion de tren del Parlamento, Jardines del Parlamento, Teatro de comedia, Jardines de Carlton, Museo de Melbourne, Catedral de San Patrick",18,-37.8102902,144.972168
Holmes-OHC - Melbourne,Holmes-OHC,IELTS Preparatory,0,24-35 weeks,24,35, $ 232.00 , $ 232.00 ,,, $ 250.00 , $ 6.00 ,1,,   Lun - Vie 9:00am - 3:00pm,,,"Grandes auditorios, Salones modernos, Internet gratis, Libreria moderna, Salon de computacion, Salones de descanso y estudio, Sala de comidas y recreacion",Melbourne,"185 Spring St, Melbourne","Casa del Parlamento, Estacion de tren del Parlamento, Jardines del Parlamento, Teatro de comedia, Jardines de Carlton, Museo de Melbourne, Catedral de San Patrick",18,-37.8102902,144.972168
Holmes-OHC - Melbourne,Holmes-OHC,IELTS Preparatory,0,36+ weeks,36,52, $ 228.00 , $ 228.00 ,,, $ 250.00 , $ 6.00 ,1,,   Lun - Vie 9:00am - 3:00pm,,,"Grandes auditorios, Salones modernos, Internet gratis, Libreria moderna, Salon de computacion, Salones de descanso y estudio, Sala de comidas y recreacion",Melbourne,"185 Spring St, Melbourne","Casa del Parlamento, Estacion de tren del Parlamento, Jardines del Parlamento, Teatro de comedia, Jardines de Carlton, Museo de Melbourne, Catedral de San Patrick",18,-37.8102902,144.972168
Holmes-OHC - Melbourne,Holmes-OHC,Academic,0,1-4 weeks,1,4, $ 268.00 , $ 268.00 ,,, $ 250.00 , $ 8.00 ,1,,   Lun - Vie 9:00am - 3:00pm,,,"Grandes auditorios, Salones modernos, Internet gratis, Libreria moderna, Salon de computacion, Salones de descanso y estudio, Sala de comidas y recreacion",Melbourne,"185 Spring St, Melbourne","Casa del Parlamento, Estacion de tren del Parlamento, Jardines del Parlamento, Teatro de comedia, Jardines de Carlton, Museo de Melbourne, Catedral de San Patrick",18,-37.8102902,144.972168
Holmes-OHC - Melbourne,Holmes-OHC,Academic,0,5-12 weeks,5,12, $ 256.00 , $ 256.00 ,,, $ 250.00 , $ 8.00 ,1,,   Lun - Vie 9:00am - 3:00pm,,,"Grandes auditorios, Salones modernos, Internet gratis, Libreria moderna, Salon de computacion, Salones de descanso y estudio, Sala de comidas y recreacion",Melbourne,"185 Spring St, Melbourne","Casa del Parlamento, Estacion de tren del Parlamento, Jardines del Parlamento, Teatro de comedia, Jardines de Carlton, Museo de Melbourne, Catedral de San Patrick",18,-37.8102902,144.972168
Holmes-OHC - Melbourne,Holmes-OHC,Academic,0,13-23 weeks,13,23, $ 244.00 , $ 244.00 ,,, $ 250.00 , $ 7.00 ,1,,   Lun - Vie 9:00am - 3:00pm,,,"Grandes auditorios, Salones modernos, Internet gratis, Libreria moderna, Salon de computacion, Salones de descanso y estudio, Sala de comidas y recreacion",Melbourne,"185 Spring St, Melbourne","Casa del Parlamento, Estacion de tren del Parlamento, Jardines del Parlamento, Teatro de comedia, Jardines de Carlton, Museo de Melbourne, Catedral de San Patrick",18,-37.8102902,144.972168
Holmes-OHC - Melbourne,Holmes-OHC,Academic,0,24-35 weeks,24,35, $ 232.00 , $ 232.00 ,,, $ 250.00 , $ 6.00 ,1,,   Lun - Vie 9:00am - 3:00pm,,,"Grandes auditorios, Salones modernos, Internet gratis, Libreria moderna, Salon de computacion, Salones de descanso y estudio, Sala de comidas y recreacion",Melbourne,"185 Spring St, Melbourne","Casa del Parlamento, Estacion de tren del Parlamento, Jardines del Parlamento, Teatro de comedia, Jardines de Carlton, Museo de Melbourne, Catedral de San Patrick",18,-37.8102902,144.972168
Holmes-OHC - Melbourne,Holmes-OHC,Academic,0,36+ weeks,36,52, $ 228.00 , $ 228.00 ,,, $ 250.00 , $ 6.00 ,1,,   Lun - Vie 9:00am - 3:00pm,,,"Grandes auditorios, Salones modernos, Internet gratis, Libreria moderna, Salon de computacion, Salones de descanso y estudio, Sala de comidas y recreacion",Melbourne,"185 Spring St, Melbourne","Casa del Parlamento, Estacion de tren del Parlamento, Jardines del Parlamento, Teatro de comedia, Jardines de Carlton, Museo de Melbourne, Catedral de San Patrick",18,-37.8102902,144.972168
Holmes-OHC - Sydney,Holmes-OHC,General English,52,1-4 weeks,1,4, $ 268.00 , $ 268.00 ,,, $ 250.00 , $ 8.00 ,1,,   Lun - Vie 9:00am - 3:00pm,,,"Grandes auditorios, Salones modernos, Internet gratis, Libreria moderna, Salon de computacion, Salones de descanso y estudio, Sala de comidas y recreacion",Sydney,"level 1/91 York St, Sydney","Torre de Sydney, Acuario de Sydney, Teatro del Estado, Edificio de Queen Victoria, Darling Harbour, Sydney Town Hall",19,-33.8697848,151.2058274
Holmes-OHC - Sydney,Holmes-OHC,General English,52,5-12 weeks,5,12, $ 256.00 , $ 256.00 ,,, $ 250.00 , $ 8.00 ,1,,   Lun - Vie 9:00am - 3:00pm,,,"Grandes auditorios, Salones modernos, Internet gratis, Libreria moderna, Salon de computacion, Salones de descanso y estudio, Sala de comidas y recreacion",Sydney,"level 1/91 York St, Sydney","Torre de Sydney, Acuario de Sydney, Teatro del Estado, Edificio de Queen Victoria, Darling Harbour, Sydney Town Hall",19,-33.8697848,151.2058274
Holmes-OHC - Sydney,Holmes-OHC,General English,52,13-23 weeks,13,23, $ 244.00 , $ 244.00 ,,, $ 250.00 , $ 7.00 ,1,,   Lun - Vie 9:00am - 3:00pm,,,"Grandes auditorios, Salones modernos, Internet gratis, Libreria moderna, Salon de computacion, Salones de descanso y estudio, Sala de comidas y recreacion",Sydney,"level 1/91 York St, Sydney","Torre de Sydney, Acuario de Sydney, Teatro del Estado, Edificio de Queen Victoria, Darling Harbour, Sydney Town Hall",19,-33.8697848,151.2058274
Holmes-OHC - Sydney,Holmes-OHC,General English,52,24-35 weeks,24,35, $ 232.00 , $ 232.00 ,,, $ 250.00 , $ 6.00 ,1,,   Lun - Vie 9:00am - 3:00pm,,,"Grandes auditorios, Salones modernos, Internet gratis, Libreria moderna, Salon de computacion, Salones de descanso y estudio, Sala de comidas y recreacion",Sydney,"level 1/91 York St, Sydney","Torre de Sydney, Acuario de Sydney, Teatro del Estado, Edificio de Queen Victoria, Darling Harbour, Sydney Town Hall",19,-33.8697848,151.2058274
Holmes-OHC - Sydney,Holmes-OHC,General English,52,36+ weeks,36,52, $ 228.00 , $ 228.00 ,,, $ 250.00 , $ 6.00 ,1,,   Lun - Vie 9:00am - 3:00pm,,,"Grandes auditorios, Salones modernos, Internet gratis, Libreria moderna, Salon de computacion, Salones de descanso y estudio, Sala de comidas y recreacion",Sydney,"level 1/91 York St, Sydney","Torre de Sydney, Acuario de Sydney, Teatro del Estado, Edificio de Queen Victoria, Darling Harbour, Sydney Town Hall",19,-33.8697848,151.2058274
Holmes-OHC - Sydney,Holmes-OHC,IELTS Preparatory,0,1-4 weeks,1,4, $ 268.00 , $ 268.00 ,,, $ 250.00 , $ 8.00 ,1,,   Lun - Vie 9:00am - 3:00pm,,,"Grandes auditorios, Salones modernos, Internet gratis, Libreria moderna, Salon de computacion, Salones de descanso y estudio, Sala de comidas y recreacion",Sydney,"level 1/91 York St, Sydney","Torre de Sydney, Acuario de Sydney, Teatro del Estado, Edificio de Queen Victoria, Darling Harbour, Sydney Town Hall",19,-33.8697848,151.2058274
Holmes-OHC - Sydney,Holmes-OHC,IELTS Preparatory,0,5-12 weeks,5,12, $ 256.00 , $ 256.00 ,,, $ 250.00 , $ 8.00 ,1,,   Lun - Vie 9:00am - 3:00pm,,,"Grandes auditorios, Salones modernos, Internet gratis, Libreria moderna, Salon de computacion, Salones de descanso y estudio, Sala de comidas y recreacion",Sydney,"level 1/91 York St, Sydney","Torre de Sydney, Acuario de Sydney, Teatro del Estado, Edificio de Queen Victoria, Darling Harbour, Sydney Town Hall",19,-33.8697848,151.2058274
Holmes-OHC - Sydney,Holmes-OHC,IELTS Preparatory,0,13-23 weeks,13,23, $ 244.00 , $ 244.00 ,,, $ 250.00 , $ 7.00 ,1,,   Lun - Vie 9:00am - 3:00pm,,,"Grandes auditorios, Salones modernos, Internet gratis, Libreria moderna, Salon de computacion, Salones de descanso y estudio, Sala de comidas y recreacion",Sydney,"level 1/91 York St, Sydney","Torre de Sydney, Acuario de Sydney, Teatro del Estado, Edificio de Queen Victoria, Darling Harbour, Sydney Town Hall",19,-33.8697848,151.2058274
Holmes-OHC - Sydney,Holmes-OHC,IELTS Preparatory,0,24-35 weeks,24,35, $ 232.00 , $ 232.00 ,,, $ 250.00 , $ 6.00 ,1,,   Lun - Vie 9:00am - 3:00pm,,,"Grandes auditorios, Salones modernos, Internet gratis, Libreria moderna, Salon de computacion, Salones de descanso y estudio, Sala de comidas y recreacion",Sydney,"level 1/91 York St, Sydney","Torre de Sydney, Acuario de Sydney, Teatro del Estado, Edificio de Queen Victoria, Darling Harbour, Sydney Town Hall",19,-33.8697848,151.2058274
Holmes-OHC - Sydney,Holmes-OHC,IELTS Preparatory,0,36+ weeks,36,52, $ 228.00 , $ 228.00 ,,, $ 250.00 , $ 6.00 ,1,,   Lun - Vie 9:00am - 3:00pm,,,"Grandes auditorios, Salones modernos, Internet gratis, Libreria moderna, Salon de computacion, Salones de descanso y estudio, Sala de comidas y recreacion",Sydney,"level 1/91 York St, Sydney","Torre de Sydney, Acuario de Sydney, Teatro del Estado, Edificio de Queen Victoria, Darling Harbour, Sydney Town Hall",19,-33.8697848,151.2058274
Holmes-OHC - Sydney,Holmes-OHC,Academic,0,1-4 weeks,1,4, $ 268.00 , $ 268.00 ,,, $ 250.00 , $ 8.00 ,1,,   Lun - Vie 9:00am - 3:00pm,,,"Grandes auditorios, Salones modernos, Internet gratis, Libreria moderna, Salon de computacion, Salones de descanso y estudio, Sala de comidas y recreacion",Sydney,"level 1/91 York St, Sydney","Torre de Sydney, Acuario de Sydney, Teatro del Estado, Edificio de Queen Victoria, Darling Harbour, Sydney Town Hall",19,-33.8697848,151.2058274
Holmes-OHC - Sydney,Holmes-OHC,Academic,0,5-12 weeks,5,12, $ 256.00 , $ 256.00 ,,, $ 250.00 , $ 8.00 ,1,,   Lun - Vie 9:00am - 3:00pm,,,"Grandes auditorios, Salones modernos, Internet gratis, Libreria moderna, Salon de computacion, Salones de descanso y estudio, Sala de comidas y recreacion",Sydney,"level 1/91 York St, Sydney","Torre de Sydney, Acuario de Sydney, Teatro del Estado, Edificio de Queen Victoria, Darling Harbour, Sydney Town Hall",19,-33.8697848,151.2058274
Holmes-OHC - Sydney,Holmes-OHC,Academic,0,13-23 weeks,13,23, $ 244.00 , $ 244.00 ,,, $ 250.00 , $ 7.00 ,1,,   Lun - Vie 9:00am - 3:00pm,,,"Grandes auditorios, Salones modernos, Internet gratis, Libreria moderna, Salon de computacion, Salones de descanso y estudio, Sala de comidas y recreacion",Sydney,"level 1/91 York St, Sydney","Torre de Sydney, Acuario de Sydney, Teatro del Estado, Edificio de Queen Victoria, Darling Harbour, Sydney Town Hall",19,-33.8697848,151.2058274
Holmes-OHC - Sydney,Holmes-OHC,Academic,0,24-35 weeks,24,35, $ 232.00 , $ 232.00 ,,, $ 250.00 , $ 6.00 ,1,,   Lun - Vie 9:00am - 3:00pm,,,"Grandes auditorios, Salones modernos, Internet gratis, Libreria moderna, Salon de computacion, Salones de descanso y estudio, Sala de comidas y recreacion",Sydney,"level 1/91 York St, Sydney","Torre de Sydney, Acuario de Sydney, Teatro del Estado, Edificio de Queen Victoria, Darling Harbour, Sydney Town Hall",19,-33.8697848,151.2058274
Holmes-OHC - Sydney,Holmes-OHC,Academic,0,36+ weeks,36,52, $ 228.00 , $ 228.00 ,,, $ 250.00 , $ 6.00 ,1,,   Lun - Vie 9:00am - 3:00pm,,,"Grandes auditorios, Salones modernos, Internet gratis, Libreria moderna, Salon de computacion, Salones de descanso y estudio, Sala de comidas y recreacion",Sydney,"level 1/91 York St, Sydney","Torre de Sydney, Acuario de Sydney, Teatro del Estado, Edificio de Queen Victoria, Darling Harbour, Sydney Town Hall",19,-33.8697848,151.2058274
Holmes-OHC - Brisbane,Holmes-OHC,General English,52,1-4 weeks,1,4, $ 268.00 , $ 268.00 ,,, $ 250.00 , $ 8.00 ,1,,   Lun - Vie 9:00am - 3:00pm,,,"Grandes auditorios, Salones modernos, Internet gratis, Libreria moderna, Salon de computacion, Salones de descanso y estudio, Sala de comidas y recreacion",Brisbane,"1/171 Elizabeth St, Brisbane City","Jardines Queens, El Centro Myer, Brisbane City Hall, Catedral de San Stephen, Jardines Botanicos de Brisbane",20,-27.4700411,153.0269833
Holmes-OHC - Brisbane,Holmes-OHC,General English,52,5-12 weeks,5,12, $ 256.00 , $ 256.00 ,,, $ 250.00 , $ 8.00 ,1,,   Lun - Vie 9:00am - 3:00pm,,,"Grandes auditorios, Salones modernos, Internet gratis, Libreria moderna, Salon de computacion, Salones de descanso y estudio, Sala de comidas y recreacion",Brisbane,"1/171 Elizabeth St, Brisbane City","Jardines Queens, El Centro Myer, Brisbane City Hall, Catedral de San Stephen, Jardines Botanicos de Brisbane",20,-27.4700411,153.0269833
Holmes-OHC - Brisbane,Holmes-OHC,General English,52,13-23 weeks,13,23, $ 244.00 , $ 244.00 ,,, $ 250.00 , $ 7.00 ,1,,   Lun - Vie 9:00am - 3:00pm,,,"Grandes auditorios, Salones modernos, Internet gratis, Libreria moderna, Salon de computacion, Salones de descanso y estudio, Sala de comidas y recreacion",Brisbane,"1/171 Elizabeth St, Brisbane City","Jardines Queens, El Centro Myer, Brisbane City Hall, Catedral de San Stephen, Jardines Botanicos de Brisbane",20,-27.4700411,153.0269833
Holmes-OHC - Brisbane,Holmes-OHC,General English,52,24-35 weeks,24,35, $ 232.00 , $ 232.00 ,,, $ 250.00 , $ 6.00 ,1,,   Lun - Vie 9:00am - 3:00pm,,,"Grandes auditorios, Salones modernos, Internet gratis, Libreria moderna, Salon de computacion, Salones de descanso y estudio, Sala de comidas y recreacion",Brisbane,"1/171 Elizabeth St, Brisbane City","Jardines Queens, El Centro Myer, Brisbane City Hall, Catedral de San Stephen, Jardines Botanicos de Brisbane",20,-27.4700411,153.0269833
Holmes-OHC - Brisbane,Holmes-OHC,General English,52,36+ weeks,36,52, $ 228.00 , $ 228.00 ,,, $ 250.00 , $ 6.00 ,1,,   Lun - Vie 9:00am - 3:00pm,,,"Grandes auditorios, Salones modernos, Internet gratis, Libreria moderna, Salon de computacion, Salones de descanso y estudio, Sala de comidas y recreacion",Brisbane,"1/171 Elizabeth St, Brisbane City","Jardines Queens, El Centro Myer, Brisbane City Hall, Catedral de San Stephen, Jardines Botanicos de Brisbane",20,-27.4700411,153.0269833
Holmes-OHC - Brisbane,Holmes-OHC,IELTS Preparatory,0,1-4 weeks,1,4, $ 268.00 , $ 268.00 ,,, $ 250.00 , $ 8.00 ,1,,   Lun - Vie 9:00am - 3:00pm,,,"Grandes auditorios, Salones modernos, Internet gratis, Libreria moderna, Salon de computacion, Salones de descanso y estudio, Sala de comidas y recreacion",Brisbane,"1/171 Elizabeth St, Brisbane City","Jardines Queens, El Centro Myer, Brisbane City Hall, Catedral de San Stephen, Jardines Botanicos de Brisbane",20,-27.4700411,153.0269833
Holmes-OHC - Brisbane,Holmes-OHC,IELTS Preparatory,0,5-12 weeks,5,12, $ 256.00 , $ 256.00 ,,, $ 250.00 , $ 8.00 ,1,,   Lun - Vie 9:00am - 3:00pm,,,"Grandes auditorios, Salones modernos, Internet gratis, Libreria moderna, Salon de computacion, Salones de descanso y estudio, Sala de comidas y recreacion",Brisbane,"1/171 Elizabeth St, Brisbane City","Jardines Queens, El Centro Myer, Brisbane City Hall, Catedral de San Stephen, Jardines Botanicos de Brisbane",20,-27.4700411,153.0269833
Holmes-OHC - Brisbane,Holmes-OHC,IELTS Preparatory,0,13-23 weeks,13,23, $ 244.00 , $ 244.00 ,,, $ 250.00 , $ 7.00 ,1,,   Lun - Vie 9:00am - 3:00pm,,,"Grandes auditorios, Salones modernos, Internet gratis, Libreria moderna, Salon de computacion, Salones de descanso y estudio, Sala de comidas y recreacion",Brisbane,"1/171 Elizabeth St, Brisbane City","Jardines Queens, El Centro Myer, Brisbane City Hall, Catedral de San Stephen, Jardines Botanicos de Brisbane",20,-27.4700411,153.0269833
Holmes-OHC - Brisbane,Holmes-OHC,IELTS Preparatory,0,24-35 weeks,24,35, $ 232.00 , $ 232.00 ,,, $ 250.00 , $ 6.00 ,1,,   Lun - Vie 9:00am - 3:00pm,,,"Grandes auditorios, Salones modernos, Internet gratis, Libreria moderna, Salon de computacion, Salones de descanso y estudio, Sala de comidas y recreacion",Brisbane,"1/171 Elizabeth St, Brisbane City","Jardines Queens, El Centro Myer, Brisbane City Hall, Catedral de San Stephen, Jardines Botanicos de Brisbane",20,-27.4700411,153.0269833
Holmes-OHC - Brisbane,Holmes-OHC,IELTS Preparatory,0,36+ weeks,36,52, $ 228.00 , $ 228.00 ,,, $ 250.00 , $ 6.00 ,1,,   Lun - Vie 9:00am - 3:00pm,,,"Grandes auditorios, Salones modernos, Internet gratis, Libreria moderna, Salon de computacion, Salones de descanso y estudio, Sala de comidas y recreacion",Brisbane,"1/171 Elizabeth St, Brisbane City","Jardines Queens, El Centro Myer, Brisbane City Hall, Catedral de San Stephen, Jardines Botanicos de Brisbane",20,-27.4700411,153.0269833
Holmes-OHC - Brisbane,Holmes-OHC,Academic,0,1-4 weeks,1,4, $ 268.00 , $ 268.00 ,,, $ 250.00 , $ 8.00 ,1,,   Lun - Vie 9:00am - 3:00pm,,,"Grandes auditorios, Salones modernos, Internet gratis, Libreria moderna, Salon de computacion, Salones de descanso y estudio, Sala de comidas y recreacion",Brisbane,"1/171 Elizabeth St, Brisbane City","Jardines Queens, El Centro Myer, Brisbane City Hall, Catedral de San Stephen, Jardines Botanicos de Brisbane",20,-27.4700411,153.0269833
Holmes-OHC - Brisbane,Holmes-OHC,Academic,0,5-12 weeks,5,12, $ 256.00 , $ 256.00 ,,, $ 250.00 , $ 8.00 ,1,,   Lun - Vie 9:00am - 3:00pm,,,"Grandes auditorios, Salones modernos, Internet gratis, Libreria moderna, Salon de computacion, Salones de descanso y estudio, Sala de comidas y recreacion",Brisbane,"1/171 Elizabeth St, Brisbane City","Jardines Queens, El Centro Myer, Brisbane City Hall, Catedral de San Stephen, Jardines Botanicos de Brisbane",20,-27.4700411,153.0269833
Holmes-OHC - Brisbane,Holmes-OHC,Academic,0,13-23 weeks,13,23, $ 244.00 , $ 244.00 ,,, $ 250.00 , $ 7.00 ,1,,   Lun - Vie 9:00am - 3:00pm,,,"Grandes auditorios, Salones modernos, Internet gratis, Libreria moderna, Salon de computacion, Salones de descanso y estudio, Sala de comidas y recreacion",Brisbane,"1/171 Elizabeth St, Brisbane City","Jardines Queens, El Centro Myer, Brisbane City Hall, Catedral de San Stephen, Jardines Botanicos de Brisbane",20,-27.4700411,153.0269833
Holmes-OHC - Brisbane,Holmes-OHC,Academic,0,24-35 weeks,24,35, $ 232.00 , $ 232.00 ,,, $ 250.00 , $ 6.00 ,1,,   Lun - Vie 9:00am - 3:00pm,,,"Grandes auditorios, Salones modernos, Internet gratis, Libreria moderna, Salon de computacion, Salones de descanso y estudio, Sala de comidas y recreacion",Brisbane,"1/171 Elizabeth St, Brisbane City","Jardines Queens, El Centro Myer, Brisbane City Hall, Catedral de San Stephen, Jardines Botanicos de Brisbane",20,-27.4700411,153.0269833
Holmes-OHC - Brisbane,Holmes-OHC,Academic,0,36+ weeks,36,52, $ 228.00 , $ 228.00 ,,, $ 250.00 , $ 6.00 ,1,,   Lun - Vie 9:00am - 3:00pm,,,"Grandes auditorios, Salones modernos, Internet gratis, Libreria moderna, Salon de computacion, Salones de descanso y estudio, Sala de comidas y recreacion",Brisbane,"1/171 Elizabeth St, Brisbane City","Jardines Queens, El Centro Myer, Brisbane City Hall, Catedral de San Stephen, Jardines Botanicos de Brisbane",20,-27.4700411,153.0269833
Orange International College - Melbourne,Orange International College,General English,52,4-10 weeks,4,10, $ 220.00 , $ 220.00 , $ 200.00 , $ 200.00 , $ 200.00 , $ 13.00 ,1,,   Lun - Vie 8:45am - 5:30pm,   Lun - Vie 5:45pm - 9:45pm,,"Salones de clase modernos, Libreria moderna, Salon de computacion, impresoras y fotocopiadoras gratuitas, Cocina moderna con electrodomesticos, Salon de descanso, Salon de estudio privado",Melbourne,"420/416 Collins St, Melbourne","Acuario de Melbourne, Museo de immigracion, Estacion de tren de Flinders street, Crown casino, Southbank",21,-37.8170705,144.9603529
Orange International College - Melbourne,Orange International College,General English,52,11-20 weeks,11,20, $ 200.00 , $ 200.00 , $ 180.00 , $ 180.00 , $ 200.00 , $ 13.00 ,1,,   Lun - Vie 8:45am - 5:30pm,   Lun - Vie 5:45pm - 9:45pm,,"Salones de clase modernos, Libreria moderna, Salon de computacion, impresoras y fotocopiadoras gratuitas, Cocina moderna con electrodomesticos, Salon de descanso, Salon de estudio privado",Melbourne,"420/416 Collins St, Melbourne","Acuario de Melbourne, Museo de immigracion, Estacion de tren de Flinders street, Crown casino, Southbank",21,-37.8170705,144.9603529
Orange International College - Melbourne,Orange International College,General English,52,21+ weeks,21,52, $ 180.00 , $ 180.00 , $ 160.00 , $ 160.00 , $ 200.00 , $ 13.00 ,1,,   Lun - Vie 8:45am - 5:30pm,   Lun - Vie 5:45pm - 9:45pm,,"Salones de clase modernos, Libreria moderna, Salon de computacion, impresoras y fotocopiadoras gratuitas, Cocina moderna con electrodomesticos, Salon de descanso, Salon de estudio privado",Melbourne,"420/416 Collins St, Melbourne","Acuario de Melbourne, Museo de immigracion, Estacion de tren de Flinders street, Crown casino, Southbank",21,-37.8170705,144.9603529
SACE College of English - Melbourne,SACE College of English,General English,52,1-12 weeks,1,12, $ 255.00 , $ 255.00 , $ 215.00 , $ 215.00 , $ 230.00 , $ 12.00 ,1,,   Lun - Vie 8:30am - 1:00pm,   Lun - Vie 5:00pm - 9:15pm,,"Salones de clase modernos, Sala grande de descanso y comunidad, Cocina moderna, Sala de computacion, Internet gratis, Actividades para los estudiantes",Melbourne,"Tower 4, Level 5/18-38 Siddeley St, Melbourne","Crown Casino, Melbourne DFO, Estacion de tren de Southern Cross, Centro de Convenciones de Melbourne, Acuario de Melbourne",22,-37.8226739,144.953839
SACE College of English - Melbourne,SACE College of English,General English,52,13+ weeks,13,52, $ 235.00 , $ 235.00 , $ 215.00 , $ 215.00 , $ 230.00 , $ 12.00 ,1,,   Lun - Vie 8:30am - 1:00pm,   Lun - Vie 5:00pm - 9:15pm,,"Salones de clase modernos, Sala grande de descanso y comunidad, Cocina moderna, Sala de computacion, Internet gratis, Actividades para los estudiantes",Melbourne,"Tower 4, Level 5/18-38 Siddeley St, Melbourne","Crown Casino, Melbourne DFO, Estacion de tren de Southern Cross, Centro de Convenciones de Melbourne, Acuario de Melbourne",22,-37.8226739,144.953839
SACE College of English - Melbourne,SACE College of English,IELTS Preparatory,0,1-12 weeks,1,12, $ 255.00 , $ 255.00 ,,, $ 230.00 , $ 12.00 ,1,,   Lun - Vie 8:30am - 1:00pm,,,"Salones de clase modernos, Sala grande de descanso y comunidad, Cocina moderna, Sala de computacion, Internet gratis, Actividades para los estudiantes",Melbourne,"Tower 4, Level 5/18-38 Siddeley St, Melbourne","Crown Casino, Melbourne DFO, Estacion de tren de Southern Cross, Centro de Convenciones de Melbourne, Acuario de Melbourne",22,-37.8226739,144.953839
SACE College of English - Melbourne,SACE College of English,IELTS Preparatory,0,13+ weeks,13,52, $ 235.00 , $ 235.00 ,,, $ 230.00 , $ 12.00 ,1,,   Lun - Vie 8:30am - 1:00pm,,,"Salones de clase modernos, Sala grande de descanso y comunidad, Cocina moderna, Sala de computacion, Internet gratis, Actividades para los estudiantes",Melbourne,"Tower 4, Level 5/18-38 Siddeley St, Melbourne","Crown Casino, Melbourne DFO, Estacion de tren de Southern Cross, Centro de Convenciones de Melbourne, Acuario de Melbourne",22,-37.8226739,144.953839
SACE College of English - Melbourne,SACE College of English,Academic,0,All,1,52,,, $ 215.00 , $ 215.00 , $ 230.00 , $ 12.00 ,1,,,   Lun - Vie 5:00pm - 9:15pm,,"Salones de clase modernos, Sala grande de descanso y comunidad, Cocina moderna, Sala de computacion, Internet gratis, Actividades para los estudiantes",Melbourne,"Tower 4, Level 5/18-38 Siddeley St, Melbourne","Crown Casino, Melbourne DFO, Estacion de tren de Southern Cross, Centro de Convenciones de Melbourne, Acuario de Melbourne",22,-37.8226739,144.953839
SACE College of English - Adelaide,SACE College of English,General English,52,1-12 weeks,1,12, $ 255.00 , $ 255.00 , $ 215.00 , $ 215.00 , $ 230.00 , $ 12.00 ,1,,   Lun - Vie 9:00am - 1:00pm,   Lun - Vie 5:00pm - 9:15pm,,"Salones de clase modernos, Sala grande de descanso y comunidad, Cocina moderna, Sala de computacion, Internet gratis, Actividades para los estudiantes",Adelaide,"Level 1/47 Waymouth St, Adelaide","Parques Discovery, Universidad de Flinders, Victoria Square, Mercado Central de Adelaide, Teatro Su Majestad, Chinatown",23,-34.9261236,138.5978514
SACE College of English - Adelaide,SACE College of English,General English,52,13+ weeks,13,52, $ 235.00 , $ 235.00 , $ 215.00 , $ 215.00 , $ 230.00 , $ 12.00 ,1,,   Lun - Vie 9:00am - 1:00pm,   Lun - Vie 5:00pm - 9:15pm,,"Salones de clase modernos, Sala grande de descanso y comunidad, Cocina moderna, Sala de computacion, Internet gratis, Actividades para los estudiantes",Adelaide,"Level 1/47 Waymouth St, Adelaide","Parques Discovery, Universidad de Flinders, Victoria Square, Mercado Central de Adelaide, Teatro Su Majestad, Chinatown",23,-34.9261236,138.5978514
SACE College of English - Adelaide,SACE College of English,IELTS Preparatory,0,1-12 weeks,1,12, $ 285.00 , $ 285.00 ,,, $ 230.00 , $ 12.00 ,1,,   Lun - Vie 9:00am - 3:15pm,,,"Salones de clase modernos, Sala grande de descanso y comunidad, Cocina moderna, Sala de computacion, Internet gratis, Actividades para los estudiantes",Adelaide,"Level 1/47 Waymouth St, Adelaide","Parques Discovery, Universidad de Flinders, Victoria Square, Mercado Central de Adelaide, Teatro Su Majestad, Chinatown",23,-34.9261236,138.5978514
SACE College of English - Adelaide,SACE College of English,IELTS Preparatory,0,13+ weeks,13,52, $ 260.00 , $ 260.00 ,,, $ 230.00 , $ 12.00 ,1,,   Lun - Vie 9:00am - 3:15pm,,,"Salones de clase modernos, Sala grande de descanso y comunidad, Cocina moderna, Sala de computacion, Internet gratis, Actividades para los estudiantes",Adelaide,"Level 1/47 Waymouth St, Adelaide","Parques Discovery, Universidad de Flinders, Victoria Square, Mercado Central de Adelaide, Teatro Su Majestad, Chinatown",23,-34.9261236,138.5978514
SACE College of English - Adelaide,SACE College of English,Academic,0,All,1,52,,, $ 215.00 , $ 215.00 , $ 230.00 , $ 12.00 ,1,,,   Lun - Vie 5:00pm - 9:15pm,,"Salones de clase modernos, Sala grande de descanso y comunidad, Cocina moderna, Sala de computacion, Internet gratis, Actividades para los estudiantes",Adelaide,"Level 1/47 Waymouth St, Adelaide","Parques Discovery, Universidad de Flinders, Victoria Square, Mercado Central de Adelaide, Teatro Su Majestad, Chinatown",23,-34.9261236,138.5978514
Smeag English - Melbourne,Smeag English,General English,52,All,1,52, $ 200.00 , $ 200.00 , $ 175.00 , $ 175.00 , $ 200.00 , $ 80.00 ,10,,,   Lun - Vie 5:00pm - 9:15pm,,"Sala de computacion, Salones modernos, Sala de descanso, Cocina moderna, Internet gratis, Sala de juegos, Libreria moderna, ",Melbourne,"Level 4&5, 310 King Street, Melbourne","Jardines de Flagstaff, Estacion de tren de Flagstaff, Queen Victoria Market, Libreria del Estado de Victoria, Iglesia de San Francis, Museo Hellenico",24,-37.8128184,144.954365
CCEB - Cairns,CCEB,General English,52,1-23 weeks,1,23, $ 240.00 , $ 240.00 ,,, $ 250.00 , $ 100.00 ,10,,Lun- Fri 9:00am - 2:30pm,,,"Cafeteria, Salones modernos, Salon de descanso, Internet gratis",Cairns,"27 Aplin St, Cairns City","Centro de convenciones de Cairns, Laguna de Cairns, Parque de Munra Martin, Iglesia Bautista de Cairns",25,-16.921994,145.7727647
CCEB - Cairns,CCEB,General English,52,24+ weeks,24,52, $ 205.00 , $ 205.00 ,,, $ 250.00 , $ 100.00 ,10,,Lun- Fri 9:00am - 2:30pm,,,"Cafeteria, Salones modernos, Salon de descanso, Internet gratis",Cairns,"27 Aplin St, Cairns City","Centro de convenciones de Cairns, Laguna de Cairns, Parque de Munra Martin, Iglesia Bautista de Cairns",25,-16.921994,145.7727647
CCEB - Cairns,CCEB,IELTS Preparatory,0,1-23 weeks,1,23, $ 240.00 , $ 240.00 ,,, $ 250.00 , $ 100.00 ,10,,Lun- Fri 9:00am - 2:30pm,,,"Cafeteria, Salones modernos, Salon de descanso, Internet gratis",Cairns,"27 Aplin St, Cairns City","Centro de convenciones de Cairns, Laguna de Cairns, Parque de Munra Martin, Iglesia Bautista de Cairns",25,-16.921994,145.7727647
CCEB - Cairns,CCEB,IELTS Preparatory,0,24+ weeks,24,52, $ 205.00 , $ 205.00 ,,, $ 250.00 , $ 100.00 ,10,,Lun- Fri 9:00am - 2:30pm,,,"Cafeteria, Salones modernos, Salon de descanso, Internet gratis",Cairns,"27 Aplin St, Cairns City","Centro de convenciones de Cairns, Laguna de Cairns, Parque de Munra Martin, Iglesia Bautista de Cairns",25,-16.921994,145.7727647
Holmes-OHC - Cairns,Holmes-OHC,General English,52,1-12 weeks,1,12, $ 256.00 , $ 256.00 ,,, $ 250.00 , $ 10.00 ,1,, Lun - Fri 9:00am - 1:00pm,,,"Grandes auditorios, Salones modernos, Internet gratis, Libreria moderna, Salon de computacion, Salones de descanso y estudio, Sala de comidas y recreacion",Cairns,"18 Lake St, Cairns City","Centro de convenciones de Cairns, Laguna de Cairns, Parque de Munra Martin, Iglesia Bautista de Cairns",26,-16.9247722,145.7785927
Holmes-OHC - Cairns,Holmes-OHC,General English,52,13+,13,52, $ 232.00 , $ 232.00 ,,, $ 250.00 , $ 10.00 ,1,, Lun - Fri 9:00am - 1:00pm,,,"Grandes auditorios, Salones modernos, Internet gratis, Libreria moderna, Salon de computacion, Salones de descanso y estudio, Sala de comidas y recreacion",Cairns,"18 Lake St, Cairns City","Centro de convenciones de Cairns, Laguna de Cairns, Parque de Munra Martin, Iglesia Bautista de Cairns",26,-16.9247722,145.7785927
Imagine - Gold Coast,Imagine,General English,52,All,1,52, $ 190.00 , $ 190.00 , $ 150.00 , $ 150.00 , $ 250.00 , $ 75.00 ,10,, Lun - Fri 9:00am - 1:30pm,Mon - Fri 1:30 - 5:45pm,,"Salones modernos, Sala de computacion, Internet gratis, Sala de descanso, Cocina moderna, Jardin de recreacion",Gold Coast,"13 Benowa Rd, Southport","Isla Macintosh, Isla Chevron, Surfaise Paradaise",27,-27.9846444,153.4084565
Imagine - Gold Coast,Imagine,IELTS Preparatory,0,All,1,52, $ 200.00 , $ 200.00 , $ 200.00 , $ 200.00 , $ 250.00 , $ 175.00 ,10,, Lun - Fri 9:00am - 1:30pm,Mon - Fri 1:30 - 5:45pm,,"Salones modernos, Sala de computacion, Internet gratis, Sala de descanso, Cocina moderna, Jardin de recreacion",Gold Coast,"13 Benowa Rd, Southport","Isla Macintosh, Isla Chevron, Surfaise Paradaise",27,-27.9846444,153.4084565
Holmes-OHC - Gold Coast,Holmes-OHC,General English,52,1-12 weeks,1,12, $ 256.00 , $ 256.00 ,,, $ 250.00 , $ 10.00 ,1,, Lun - Fri 9:00am - 1:00pm,,,"Grandes auditorios, Salones modernos, Internet gratis, Libreria moderna, Salon de computacion, Salones de descanso y estudio, Sala de comidas y recreacion",Gold Coast,"Circle on Cavill South Tower, 2/3184 Surfers Paradise Blvd, Surfers Paradise","Parque Lionel Perry, Torre de observacion Skypoint, Rio Nerang, Parque memorial Jhon Fraser",28,-28.0012026,153.4277335
Holmes-OHC - Gold Coast,Holmes-OHC,General English,52,13+,13,52, $ 232.00 , $ 232.00 ,,, $ 250.00 , $ 10.00 ,1,, Lun - Fri 9:00am - 1:00pm,,,"Grandes auditorios, Salones modernos, Internet gratis, Libreria moderna, Salon de computacion, Salones de descanso y estudio, Sala de comidas y recreacion",Gold Coast,"Circle on Cavill South Tower, 2/3184 Surfers Paradise Blvd, Surfers Paradise","Parque Lionel Perry, Torre de observacion Skypoint, Rio Nerang, Parque memorial Jhon Fraser",28,-28.0012026,153.4277335
Kaplan - Perth,Kaplan,General English,52,All,1,52, $ 255.00 , $ 255.00 , $ 230.00 , $ 230.00 , $ 250.00 , $ 15.00 ,1,, Lun - Fri 8:30am - 3:45pm,Lun - Fri 5:00pm - 9:30pm,,"Salones de clase modernos, Salon de descanso, Salon de estudio con recursos, Salon de recreacion y deporte, Internet gratis, Gimnasio",Perth,"1325 Hay St, Perth","Estacion de tren City West, Jardines Botanicos, Centro de Exibicion y convenciones, Scientech, Departamento de transporte, El Viejo Observatorio",29,-31.9478175,115.8381741
International House - Sydney,International House,General English,52,All,1,52, $ 270.00 , $ 270.00 , $ 270.00 , $ 270.00 , $ 240.00 , $ 15.00 ,1,, Lun - Fri 8:00am - 1:15pm,Lun - Fri 12:30pm - 4:45pm,Lun - Fri 5:00pm - 09:15pm,"Salones modernos, Internet gratis, Salon de conferencias con proyectores, Fotocopiadoes e impresoras, Sala de computacion, Libreria, Cocina moderna, Sala de descanso",Sydney,"Level 1, 203 Clarence St, Sydney","Acuario de Sydney, Edificio de Queen Victoria, Museo Maritimo de Australia, Sydney Town Hall, Darling Harbour",30,-33.8697461,151.2051313
Greenwich - Sydney,Greenwich,General English,52,1-12 weeks,1,12, $ 250.00 , $ 250.00 , $ 235.00 , $ 235.00 , $ 220.00 , $ 60.00 ,8,, Lun - Fri 9:00am - 3:00pm,Lun - Fri 4:30pm - 9:00pm,,"Salones modernos, Internet gratis, Fotocopiadora e impresoras, Sala de computacion, Cocinas modernas, Aire acondicionado, Acceso a silla de ruedas, ",Sydney,"2/396 Pitt St, Sydney","Parque Hyde, Museo de Australia, Darling Harbour, Estacion central de Sydney, Sydney Town Hall, Parque Belmore",31,-33.8782978,151.2075577
Greenwich - Sydney,Greenwich,General English,52,13+ weeks,13,52, $ 239.58 , $ 239.58 , $ 235.00 , $ 235.00 , $ 220.00 , $ 60.00 ,8,, Lun - Fri 9:00am - 3:00pm,Lun - Fri 4:30pm - 9:00pm,,"Salones modernos, Internet gratis, Fotocopiadora e impresoras, Sala de computacion, Cocinas modernas, Aire acondicionado, Acceso a silla de ruedas, ",Sydney,"2/396 Pitt St, Sydney","Parque Hyde, Museo de Australia, Darling Harbour, Estacion central de Sydney, Sydney Town Hall, Parque Belmore",31,-33.8782978,151.2075577
Greenwich - Sydney,Greenwich,IELTS Preparatory,0,1-12 weeks,1,12, $ 250.00 , $ 250.00 , $ 235.00 , $ 235.00 , $ 220.00 , $ 60.00 ,8,, Lun - Fri 9:00am - 3:00pm,Lun - Fri 4:30pm - 9:00pm,,"Salones modernos, Internet gratis, Fotocopiadora e impresoras, Sala de computacion, Cocinas modernas, Aire acondicionado, Acceso a silla de ruedas, ",Sydney,"2/396 Pitt St, Sydney","Parque Hyde, Museo de Australia, Darling Harbour, Estacion central de Sydney, Sydney Town Hall, Parque Belmore",31,-33.8782978,151.2075577
Greenwich - Sydney,Greenwich,IELTS Preparatory,0,13+ weeks,13,52, $ 239.58 , $ 239.58 , $ 235.00 , $ 235.00 , $ 220.00 , $ 60.00 ,8,, Lun - Fri 9:00am - 3:00pm,Lun - Fri 4:30pm - 9:00pm,,"Salones modernos, Internet gratis, Fotocopiadora e impresoras, Sala de computacion, Cocinas modernas, Aire acondicionado, Acceso a silla de ruedas, ",Sydney,"2/396 Pitt St, Sydney","Parque Hyde, Museo de Australia, Darling Harbour, Estacion central de Sydney, Sydney Town Hall, Parque Belmore",31,-33.8782978,151.2075577
ILSC - Sydney,ILSC,General English,52,1-12 weeks,1,12, $ 390.00 , $ 390.00 , $ 320.00 , $ 320.00 , $ 230.00 , $ 80.00 ,10,, Lun - Fri 8:30am - 1:00pm,Lun - Fri 1:15pm - 5:15pm,Lun - Fri 5:30pm - 9:30pm,"Salones modernos, Sala de computacion, Internet gratis, Sala de descanso, Cocina moderna, Libreria, Mesa de Ping Pong, Salon de Oracion",Sydney,"6/532-540 George St, Sydney","Parque Hyde, Museo de Australia, Darling Harbour, Estacion central de Sydney, Sydney Town Hall, Parque Belmore",32,-33.8733328,151.2073828
ILSC - Sydney,ILSC,General English,52,13+ weeks,13,52, $ 350.00 , $ 350.00 , $ 320.00 , $ 320.00 , $ 230.00 , $ 80.00 ,10,, Lun - Fri 8:30am - 1:00pm,Lun - Fri 1:15pm - 5:15pm,Lun - Fri 5:30pm - 9:30pm,"Salones modernos, Sala de computacion, Internet gratis, Sala de descanso, Cocina moderna, Libreria, Mesa de Ping Pong, Salon de Oracion",Sydney,"6/532-540 George St, Sydney","Parque Hyde, Museo de Australia, Darling Harbour, Estacion central de Sydney, Sydney Town Hall, Parque Belmore",32,-33.8733328,151.2073828
ILSC - Brisbane,ILSC,General English,52,1-12 weeks,1,12, $ 370.00 , $ 370.00 , $ 310.00 , $ 310.00 , $ 230.00 , $ 80.00 ,10,, Lun - Fri 8:30am - 1:00pm,Lun - Fri 1:15pm - 5:15pm,Lun - Fri 5:30pm - 9:30pm,"Salones modernos, Sala de computacion, Internet gratis, Sala de descanso, Cocina moderna, Libreria, Mesa de Ping Pong, Salon de Oracion",Brisbane,"1/232 Adelaide St, Brisbane City","Estacion Central,  Jardines Botanicos de Brisbane, Myer Centre, Brisbane City Hall, Hospital privado de Brisbane",33,-27.4664747,153.0272214
ILSC - Brisbane,ILSC,General English,52,13+ weeks,13,52, $ 330.00 , $ 330.00 , $ 310.00 , $ 310.00 , $ 230.00 , $ 80.00 ,10,, Lun - Fri 8:30am - 1:00pm,Lun - Fri 1:15pm - 5:15pm,Lun - Fri 5:30pm - 9:30pm,"Salones modernos, Sala de computacion, Internet gratis, Sala de descanso, Cocina moderna, Libreria, Mesa de Ping Pong, Salon de Oracion",Brisbane,"1/232 Adelaide St, Brisbane City","Parque Hyde, Museo de Australia, Darling Harbour, Estacion central de Sydney, Sydney Town Hall, Parque Belmore",33,-27.4664747,153.0272214
Kaplan - Sydney,Kaplan,General English,52,All,1,52, $ 260.00 , $ 260.00 , $ 230.00 , $ 230.00 , $ 250.00 , $ 15.00 ,1,, Lun - Fri 8:30am - 3:45pm,Lun - Fri 5:00pm - 9:30pm,,"Salones de clase modernos, Salon de descanso, Salon de estudio con recursos, Salon de recreacion y deporte, Internet gratis, Gimnasio",Sydney,"98-104 Goulburn St, Sydney","ANZAC Jardin Memorial, Paque Belmore, Centro Comercial World Square, Estacion Central de Sydney, Museo de Australia, ",34,-33.8782647,151.2099292
Impact English College - Brisbane,Impact English College,General English,52,All,1,52, $ 250.00 , $ 250.00 , $ 250.00 , $ 250.00 , $ 200.00 , $ 60.00 ,10,,   Lun - Vie 8:50am - 1:15pm,   Lun - Vie 1:20pm - 5:45pm,,"Sala de computacion, Cafeteria en el campo, Libreria, Sala de descanso, Cocina moderna, Salones de actividades, Internet gratis",Brisbane,"1/110 Eagle St, Brisbane City","Catedral de St Stephen, Jardines Botanicos, Waterfront, Ferries de Brisbane, Parque del Capitan Burke, Catedral de St John",35,-27.4662808,153.0300829
Imagine - Brisbane,Imagine,General English,52,All,1,52, $ 190.00 , $ 190.00 , $ 150.00 , $ 150.00 , $ 150.00 , $ 75.00 ,10,, Lun - Fri 9:00 - 1:30pm,Lun - Fri 1:30pm - 5:45pm,Lun - Fri 4:30pm - 9:00pm,"Salones modernos, Sala de computacion, Internet gratis, Sala de descanso, Cocina moderna, Jardin de recreacion",Brisbane,"170 Leichhardt St, Spring Hill","Catedral de St John, Parque Roma, Parque Wickham, Parque Edward Park, Estacion Central, Universidad de James Cook, Estacion de Roma Street",36,-27.4617834,153.026129
Imagine - Brisbane,Imagine,IELTS Preparatory,0,All,1,52, $ 200.00 , $ 200.00 , $ 200.00 , $ 200.00 , $ 200.00 , $ 75.00 ,10,, Lun - Fri 9:00 - 1:30pm,Lun - Fri 1:30pm - 5:45pm,Lun - Fri 4:30pm - 9:00pm,"Salones modernos, Sala de computacion, Internet gratis, Sala de descanso, Cocina moderna, Jardin de recreacion",Brisbane,"170 Leichhardt St, Spring Hill","Catedral de St John, Parque Roma, Parque Wickham, Parque Edward Park, Estacion Central, Universidad de James Cook, Estacion de Roma Street",36,-27.4617834,153.026129